"","county1","total_mig_in","total_mig_out","total_mig_net","county_name","county_state"
"1","Abbeville County, South Carolina",296,0,296,"Abbeville County","South Carolina"
"2","Ada County, Idaho",376,327,49,"Ada County","Idaho"
"3","Adair County, Kentucky",16,128,-112,"Adair County","Kentucky"
"4","Adair County, Oklahoma",0,48,-48,"Adair County","Oklahoma"
"5","Adams County, Colorado",630,55,575,"Adams County","Colorado"
"6","Adams County, Indiana",113,0,113,"Adams County","Indiana"
"7","Adams County, Ohio",2219,2616,-397,"Adams County","Ohio"
"8","Adams County, Wisconsin",0,24,-24,"Adams County","Wisconsin"
"9","Addison County, Vermont",28,30,-2,"Addison County","Vermont"
"10","Aiken County, South Carolina",103,92,11,"Aiken County","South Carolina"
"11","Alachua County, Florida",414,384,30,"Alachua County","Florida"
"12","Alamance County, North Carolina",39,97,-58,"Alamance County","North Carolina"
"13","Alameda County, California",811,579,232,"Alameda County","California"
"14","Albany County, New York",122,208,-86,"Albany County","New York"
"15","Albany County, Wyoming",0,13,-13,"Albany County","Wyoming"
"16","Albemarle County, Virginia",321,475,-154,"Albemarle County","Virginia"
"17","Alcorn County, Mississippi",46,0,46,"Alcorn County","Mississippi"
"18","Alexandria city, Virginia",141,325,-184,"Alexandria city","Virginia"
"19","Allegan County, Michigan",0,146,-146,"Allegan County","Michigan"
"20","Allegany County, Maryland",2,0,2,"Allegany County","Maryland"
"21","Allegany County, New York",78,60,18,"Allegany County","New York"
"22","Allegheny County, Pennsylvania",3010,3636,-626,"Allegheny County","Pennsylvania"
"23","Allen County, Indiana",2198,423,1775,"Allen County","Indiana"
"24","Allen County, Kentucky",99,89,10,"Allen County","Kentucky"
"25","Allen County, Ohio",3004,1466,1538,"Allen County","Ohio"
"26","Amherst County, Virginia",19,15,4,"Amherst County","Virginia"
"27","Anchorage Municipality, Alaska",2280,58,2222,"Anchorage Municipality","Alaska"
"28","Anderson County, Kentucky",360,4,356,"Anderson County","Kentucky"
"29","Anderson County, South Carolina",153,118,35,"Anderson County","South Carolina"
"30","Anderson County, Tennessee",47,9,38,"Anderson County","Tennessee"
"31","Androscoggin County, Maine",0,768,-768,"Androscoggin County","Maine"
"32","Angelina County, Texas",1,0,1,"Angelina County","Texas"
"33","Anne Arundel County, Maryland",509,368,141,"Anne Arundel County","Maryland"
"34","Anoka County, Minnesota",566,28,538,"Anoka County","Minnesota"
"35","Antrim County, Michigan",0,48,-48,"Antrim County","Michigan"
"36","Apache County, Arizona",0,2,-2,"Apache County","Arizona"
"37","Arapahoe County, Colorado",131,515,-384,"Arapahoe County","Colorado"
"38","Arlington County, Virginia",756,488,268,"Arlington County","Virginia"
"39","Armstrong County, Pennsylvania",0,118,-118,"Armstrong County","Pennsylvania"
"40","Ascension Parish, Louisiana",0,158,-158,"Ascension Parish","Louisiana"
"41","Ashland County, Ohio",68,233,-165,"Ashland County","Ohio"
"42","Ashtabula County, Ohio",315,110,205,"Ashtabula County","Ohio"
"43","Atchison County, Kansas",0,44,-44,"Atchison County","Kansas"
"44","Athens County, Ohio",2561,5335,-2774,"Athens County","Ohio"
"45","Atlantic County, New Jersey",590,606,-16,"Atlantic County","New Jersey"
"46","Attala County, Mississippi",0,143,-143,"Attala County","Mississippi"
"47","Audrain County, Missouri",0,100,-100,"Audrain County","Missouri"
"48","Auglaize County, Ohio",813,138,675,"Auglaize County","Ohio"
"49","Baldwin County, Alabama",77,233,-156,"Baldwin County","Alabama"
"50","Baldwin County, Georgia",0,1,-1,"Baldwin County","Georgia"
"51","Ballard County, Kentucky",30,12,18,"Ballard County","Kentucky"
"52","Baltimore city, Maryland",845,838,7,"Baltimore city","Maryland"
"53","Baltimore County, Maryland",1052,723,329,"Baltimore County","Maryland"
"54","Bannock County, Idaho",0,136,-136,"Bannock County","Idaho"
"55","Barnstable County, Massachusetts",136,0,136,"Barnstable County","Massachusetts"
"56","Barren County, Kentucky",42,1,41,"Barren County","Kentucky"
"57","Bartholomew County, Indiana",352,111,241,"Bartholomew County","Indiana"
"58","Bastrop County, Texas",59,0,59,"Bastrop County","Texas"
"59","Bates County, Missouri",0,30,-30,"Bates County","Missouri"
"60","Bath County, Kentucky",43,55,-12,"Bath County","Kentucky"
"61","Bay County, Florida",57,404,-347,"Bay County","Florida"
"62","Beaufort County, South Carolina",512,913,-401,"Beaufort County","South Carolina"
"63","Beauregard Parish, Louisiana",0,166,-166,"Beauregard Parish","Louisiana"
"64","Beaver County, Pennsylvania",704,1230,-526,"Beaver County","Pennsylvania"
"65","Bedford County, Tennessee",46,120,-74,"Bedford County","Tennessee"
"66","Bell County, Kentucky",137,279,-142,"Bell County","Kentucky"
"67","Bell County, Texas",422,408,14,"Bell County","Texas"
"68","Belmont County, Ohio",802,281,521,"Belmont County","Ohio"
"69","Benewah County, Idaho",0,17,-17,"Benewah County","Idaho"
"70","Bennett County, South Dakota",83,0,83,"Bennett County","South Dakota"
"71","Benton County, Arkansas",438,100,338,"Benton County","Arkansas"
"72","Benton County, Washington",120,0,120,"Benton County","Washington"
"73","Benzie County, Michigan",0,94,-94,"Benzie County","Michigan"
"74","Bergen County, New Jersey",272,52,220,"Bergen County","New Jersey"
"75","Berkeley County, South Carolina",201,415,-214,"Berkeley County","South Carolina"
"76","Berkeley County, West Virginia",13,0,13,"Berkeley County","West Virginia"
"77","Berks County, Pennsylvania",186,22,164,"Berks County","Pennsylvania"
"78","Berkshire County, Massachusetts",0,44,-44,"Berkshire County","Massachusetts"
"79","Bernalillo County, New Mexico",71,101,-30,"Bernalillo County","New Mexico"
"80","Berrien County, Georgia",0,20,-20,"Berrien County","Georgia"
"81","Berrien County, Michigan",288,132,156,"Berrien County","Michigan"
"82","Bethel Census Area, Alaska",34,0,34,"Bethel Census Area","Alaska"
"83","Bexar County, Texas",957,725,232,"Bexar County","Texas"
"84","Bibb County, Georgia",0,372,-372,"Bibb County","Georgia"
"85","Black Hawk County, Iowa",40,0,40,"Black Hawk County","Iowa"
"86","Blackford County, Indiana",27,0,27,"Blackford County","Indiana"
"87","Blaine County, Oklahoma",0,6,-6,"Blaine County","Oklahoma"
"88","Blair County, Pennsylvania",162,230,-68,"Blair County","Pennsylvania"
"89","Blount County, Tennessee",163,61,102,"Blount County","Tennessee"
"90","Bolivar County, Mississippi",59,0,59,"Bolivar County","Mississippi"
"91","Bond County, Illinois",0,2,-2,"Bond County","Illinois"
"92","Bonner County, Idaho",0,377,-377,"Bonner County","Idaho"
"93","Boone County, Illinois",111,0,111,"Boone County","Illinois"
"94","Boone County, Indiana",176,40,136,"Boone County","Indiana"
"95","Boone County, Missouri",559,196,363,"Boone County","Missouri"
"96","Bossier Parish, Louisiana",67,88,-21,"Bossier Parish","Louisiana"
"97","Boulder County, Colorado",77,810,-733,"Boulder County","Colorado"
"98","Bourbon County, Kentucky",309,188,121,"Bourbon County","Kentucky"
"99","Box Butte County, Nebraska",0,20,-20,"Box Butte County","Nebraska"
"100","Box Elder County, Utah",67,0,67,"Box Elder County","Utah"
"101","Boyd County, Kentucky",175,663,-488,"Boyd County","Kentucky"
"102","Boyle County, Kentucky",520,222,298,"Boyle County","Kentucky"
"103","Bradley County, Tennessee",43,504,-461,"Bradley County","Tennessee"
"104","Branch County, Michigan",0,74,-74,"Branch County","Michigan"
"105","Braxton County, West Virginia",0,34,-34,"Braxton County","West Virginia"
"106","Brazoria County, Texas",74,119,-45,"Brazoria County","Texas"
"107","Brazos County, Texas",242,170,72,"Brazos County","Texas"
"108","Breathitt County, Kentucky",87,78,9,"Breathitt County","Kentucky"
"109","Breckinridge County, Kentucky",0,132,-132,"Breckinridge County","Kentucky"
"110","Brevard County, Florida",584,1913,-1329,"Brevard County","Florida"
"111","Bristol County, Massachusetts",0,410,-410,"Bristol County","Massachusetts"
"112","Bronx County, New York",644,0,644,"Bronx County","New York"
"113","Brooke County, West Virginia",0,61,-61,"Brooke County","West Virginia"
"114","Broome County, New York",44,304,-260,"Broome County","New York"
"115","Broomfield County, Colorado",25,99,-74,"Broomfield County","Colorado"
"116","Broward County, Florida",855,1753,-898,"Broward County","Florida"
"117","Brown County, Texas",0,17,-17,"Brown County","Texas"
"118","Brown County, Wisconsin",414,0,414,"Brown County","Wisconsin"
"119","Brunswick County, North Carolina",103,0,103,"Brunswick County","North Carolina"
"120","Bryan County, Georgia",41,0,41,"Bryan County","Georgia"
"121","Buchanan County, Missouri",173,0,173,"Buchanan County","Missouri"
"122","Buchanan County, Virginia",139,8,131,"Buchanan County","Virginia"
"123","Bucks County, Pennsylvania",754,354,400,"Bucks County","Pennsylvania"
"124","Buena Vista city, Virginia",0,33,-33,"Buena Vista city","Virginia"
"125","Buena Vista County, Iowa",0,8,-8,"Buena Vista County","Iowa"
"126","Bullitt County, Kentucky",927,952,-25,"Bullitt County","Kentucky"
"127","Bulloch County, Georgia",99,0,99,"Bulloch County","Georgia"
"128","Buncombe County, North Carolina",1534,457,1077,"Buncombe County","North Carolina"
"129","Bureau County, Illinois",23,0,23,"Bureau County","Illinois"
"130","Burke County, Georgia",21,0,21,"Burke County","Georgia"
"131","Burke County, North Dakota",0,5,-5,"Burke County","North Dakota"
"132","Burleigh County, North Dakota",20,0,20,"Burleigh County","North Dakota"
"133","Burlington County, New Jersey",154,174,-20,"Burlington County","New Jersey"
"134","Burnett County, Wisconsin",0,6,-6,"Burnett County","Wisconsin"
"135","Butler County, Alabama",0,48,-48,"Butler County","Alabama"
"136","Butler County, Kentucky",56,166,-110,"Butler County","Kentucky"
"137","Butler County, Pennsylvania",760,488,272,"Butler County","Pennsylvania"
"138","Butte County, California",268,0,268,"Butte County","California"
"139","Cabarrus County, North Carolina",30,360,-330,"Cabarrus County","North Carolina"
"140","Cabell County, West Virginia",449,251,198,"Cabell County","West Virginia"
"141","Cache County, Utah",0,249,-249,"Cache County","Utah"
"142","Caddo Parish, Louisiana",34,0,34,"Caddo Parish","Louisiana"
"143","Calaveras County, California",129,80,49,"Calaveras County","California"
"144","Calcasieu Parish, Louisiana",39,68,-29,"Calcasieu Parish","Louisiana"
"145","Caldwell County, Kentucky",0,27,-27,"Caldwell County","Kentucky"
"146","Caldwell County, North Carolina",0,70,-70,"Caldwell County","North Carolina"
"147","Calhoun County, Alabama",214,0,214,"Calhoun County","Alabama"
"148","Calhoun County, Michigan",504,232,272,"Calhoun County","Michigan"
"149","Calloway County, Kentucky",170,246,-76,"Calloway County","Kentucky"
"150","Calvert County, Maryland",0,483,-483,"Calvert County","Maryland"
"151","Cambria County, Pennsylvania",108,0,108,"Cambria County","Pennsylvania"
"152","Camden County, New Jersey",292,106,186,"Camden County","New Jersey"
"153","Cameron County, Pennsylvania",0,40,-40,"Cameron County","Pennsylvania"
"154","Cameron County, Texas",0,168,-168,"Cameron County","Texas"
"155","Campbell County, Tennessee",120,690,-570,"Campbell County","Tennessee"
"156","Campbell County, Virginia",18,0,18,"Campbell County","Virginia"
"157","Canadian County, Oklahoma",11,0,11,"Canadian County","Oklahoma"
"158","Cape Girardeau County, Missouri",91,0,91,"Cape Girardeau County","Missouri"
"159","Cape May County, New Jersey",20,0,20,"Cape May County","New Jersey"
"160","Carlton County, Minnesota",0,26,-26,"Carlton County","Minnesota"
"161","Carroll County, Georgia",0,289,-289,"Carroll County","Georgia"
"162","Carroll County, Illinois",8,0,8,"Carroll County","Illinois"
"163","Carroll County, Iowa",21,23,-2,"Carroll County","Iowa"
"164","Carroll County, Kentucky",857,1196,-339,"Carroll County","Kentucky"
"165","Carroll County, Maryland",0,29,-29,"Carroll County","Maryland"
"166","Carroll County, New Hampshire",0,196,-196,"Carroll County","New Hampshire"
"167","Carroll County, Ohio",422,188,234,"Carroll County","Ohio"
"168","Carson City, Nevada",0,177,-177,"Carson City","Nevada"
"169","Carter County, Kentucky",407,316,91,"Carter County","Kentucky"
"170","Carter County, Oklahoma",0,56,-56,"Carter County","Oklahoma"
"171","Carter County, Tennessee",0,103,-103,"Carter County","Tennessee"
"172","Carteret County, North Carolina",29,15,14,"Carteret County","North Carolina"
"173","Carver County, Minnesota",548,0,548,"Carver County","Minnesota"
"174","Casey County, Kentucky",47,250,-203,"Casey County","Kentucky"
"175","Cass County, Illinois",107,118,-11,"Cass County","Illinois"
"176","Cass County, Michigan",116,132,-16,"Cass County","Michigan"
"177","Cass County, North Dakota",170,134,36,"Cass County","North Dakota"
"178","Caswell County, North Carolina",0,29,-29,"Caswell County","North Carolina"
"179","Catawba County, North Carolina",20,30,-10,"Catawba County","North Carolina"
"180","Cattaraugus County, New York",0,140,-140,"Cattaraugus County","New York"
"181","Cecil County, Maryland",143,0,143,"Cecil County","Maryland"
"182","Centre County, Pennsylvania",216,1976,-1760,"Centre County","Pennsylvania"
"183","Champaign County, Illinois",131,313,-182,"Champaign County","Illinois"
"184","Champaign County, Ohio",272,488,-216,"Champaign County","Ohio"
"185","Charleston County, South Carolina",483,1327,-844,"Charleston County","South Carolina"
"186","Charlevoix County, Michigan",214,34,180,"Charlevoix County","Michigan"
"187","Charlotte County, Florida",192,447,-255,"Charlotte County","Florida"
"188","Charlottesville city, Virginia",244,168,76,"Charlottesville city","Virginia"
"189","Chatham County, Georgia",231,277,-46,"Chatham County","Georgia"
"190","Chatham County, North Carolina",120,67,53,"Chatham County","North Carolina"
"191","Chattahoochee County, Georgia",78,30,48,"Chattahoochee County","Georgia"
"192","Chautauqua County, New York",270,166,104,"Chautauqua County","New York"
"193","Cheboygan County, Michigan",0,52,-52,"Cheboygan County","Michigan"
"194","Chemung County, New York",44,62,-18,"Chemung County","New York"
"195","Cherokee County, Georgia",213,431,-218,"Cherokee County","Georgia"
"196","Cherokee County, Texas",0,113,-113,"Cherokee County","Texas"
"197","Chesapeake city, Virginia",144,0,144,"Chesapeake city","Virginia"
"198","Cheshire County, New Hampshire",0,108,-108,"Cheshire County","New Hampshire"
"199","Chester County, Pennsylvania",454,44,410,"Chester County","Pennsylvania"
"200","Chesterfield County, Virginia",460,357,103,"Chesterfield County","Virginia"
"201","Childress County, Texas",0,29,-29,"Childress County","Texas"
"202","Chippewa County, Michigan",260,162,98,"Chippewa County","Michigan"
"203","Chippewa County, Minnesota",104,0,104,"Chippewa County","Minnesota"
"204","Chittenden County, Vermont",12,362,-350,"Chittenden County","Vermont"
"205","Christian County, Kentucky",409,1656,-1247,"Christian County","Kentucky"
"206","Christian County, Missouri",285,0,285,"Christian County","Missouri"
"207","Churchill County, Nevada",0,82,-82,"Churchill County","Nevada"
"208","Cibola County, New Mexico",0,26,-26,"Cibola County","New Mexico"
"209","Citrus County, Florida",13,43,-30,"Citrus County","Florida"
"210","Clackamas County, Oregon",310,48,262,"Clackamas County","Oregon"
"211","Claiborne County, Tennessee",5,271,-266,"Claiborne County","Tennessee"
"212","Clarendon County, South Carolina",0,82,-82,"Clarendon County","South Carolina"
"213","Clarion County, Pennsylvania",42,0,42,"Clarion County","Pennsylvania"
"214","Clark County, Indiana",180,458,-278,"Clark County","Indiana"
"215","Clark County, Kentucky",575,909,-334,"Clark County","Kentucky"
"216","Clark County, Nevada",574,1511,-937,"Clark County","Nevada"
"217","Clark County, Ohio",2439,3181,-742,"Clark County","Ohio"
"218","Clark County, Washington",560,11,549,"Clark County","Washington"
"219","Clarke County, Georgia",123,266,-143,"Clarke County","Georgia"
"220","Clarke County, Iowa",0,83,-83,"Clarke County","Iowa"
"221","Clatsop County, Oregon",0,28,-28,"Clatsop County","Oregon"
"222","Clay County, Florida",166,327,-161,"Clay County","Florida"
"223","Clay County, Indiana",215,0,215,"Clay County","Indiana"
"224","Clay County, Kentucky",50,127,-77,"Clay County","Kentucky"
"225","Clay County, Minnesota",0,4,-4,"Clay County","Minnesota"
"226","Clay County, Missouri",35,93,-58,"Clay County","Missouri"
"227","Clay County, Tennessee",56,0,56,"Clay County","Tennessee"
"228","Clayton County, Georgia",20,50,-30,"Clayton County","Georgia"
"229","Cleveland County, North Carolina",181,0,181,"Cleveland County","North Carolina"
"230","Cleveland County, Oklahoma",26,241,-215,"Cleveland County","Oklahoma"
"231","Clinch County, Georgia",0,59,-59,"Clinch County","Georgia"
"232","Clinton County, Illinois",59,0,59,"Clinton County","Illinois"
"233","Clinton County, Indiana",68,21,47,"Clinton County","Indiana"
"234","Clinton County, Kentucky",0,55,-55,"Clinton County","Kentucky"
"235","Clinton County, Michigan",16,90,-74,"Clinton County","Michigan"
"236","Clinton County, New York",0,230,-230,"Clinton County","New York"
"237","Clinton County, Ohio",5833,4952,881,"Clinton County","Ohio"
"238","Clinton County, Pennsylvania",82,0,82,"Clinton County","Pennsylvania"
"239","Cobb County, Georgia",1301,1640,-339,"Cobb County","Georgia"
"240","Cochise County, Arizona",0,350,-350,"Cochise County","Arizona"
"241","Coffee County, Alabama",45,0,45,"Coffee County","Alabama"
"242","Coles County, Illinois",0,10,-10,"Coles County","Illinois"
"243","Colleton County, South Carolina",88,0,88,"Colleton County","South Carolina"
"244","Collier County, Florida",476,931,-455,"Collier County","Florida"
"245","Collin County, Texas",954,407,547,"Collin County","Texas"
"246","Columbia County, Florida",1195,142,1053,"Columbia County","Florida"
"247","Columbia County, Georgia",130,355,-225,"Columbia County","Georgia"
"248","Columbia County, New York",0,18,-18,"Columbia County","New York"
"249","Columbiana County, Ohio",36,793,-757,"Columbiana County","Ohio"
"250","Comanche County, Oklahoma",822,1051,-229,"Comanche County","Oklahoma"
"251","Contra Costa County, California",714,251,463,"Contra Costa County","California"
"252","Cook County, Georgia",0,2,-2,"Cook County","Georgia"
"253","Cook County, Illinois",5256,6907,-1651,"Cook County","Illinois"
"254","Cooke County, Texas",0,722,-722,"Cooke County","Texas"
"255","Copiah County, Mississippi",33,0,33,"Copiah County","Mississippi"
"256","Coryell County, Texas",75,228,-153,"Coryell County","Texas"
"257","Coshocton County, Ohio",408,15,393,"Coshocton County","Ohio"
"258","Cottonwood County, Minnesota",0,158,-158,"Cottonwood County","Minnesota"
"259","Coweta County, Georgia",156,93,63,"Coweta County","Georgia"
"260","Cowlitz County, Washington",0,50,-50,"Cowlitz County","Washington"
"261","Craig County, Oklahoma",0,15,-15,"Craig County","Oklahoma"
"262","Craighead County, Arkansas",30,0,30,"Craighead County","Arkansas"
"263","Craven County, North Carolina",162,172,-10,"Craven County","North Carolina"
"264","Crawford County, Arkansas",16,0,16,"Crawford County","Arkansas"
"265","Crawford County, Illinois",0,70,-70,"Crawford County","Illinois"
"266","Crawford County, Michigan",0,22,-22,"Crawford County","Michigan"
"267","Crawford County, Ohio",68,142,-74,"Crawford County","Ohio"
"268","Crawford County, Pennsylvania",0,24,-24,"Crawford County","Pennsylvania"
"269","Creek County, Oklahoma",0,66,-66,"Creek County","Oklahoma"
"270","Crittenden County, Arkansas",197,31,166,"Crittenden County","Arkansas"
"271","Crittenden County, Kentucky",76,8,68,"Crittenden County","Kentucky"
"272","Culpeper County, Virginia",6,0,6,"Culpeper County","Virginia"
"273","Cumberland County, Maine",236,26,210,"Cumberland County","Maine"
"274","Cumberland County, New Jersey",0,28,-28,"Cumberland County","New Jersey"
"275","Cumberland County, North Carolina",539,149,390,"Cumberland County","North Carolina"
"276","Cumberland County, Pennsylvania",22,64,-42,"Cumberland County","Pennsylvania"
"277","Cumberland County, Tennessee",154,70,84,"Cumberland County","Tennessee"
"278","Cuyahoga County, Ohio",9543,7631,1912,"Cuyahoga County","Ohio"
"279","Dade County, Missouri",31,0,31,"Dade County","Missouri"
"280","Dakota County, Minnesota",710,348,362,"Dakota County","Minnesota"
"281","Dale County, Alabama",0,22,-22,"Dale County","Alabama"
"282","Dallas County, Texas",1459,1493,-34,"Dallas County","Texas"
"283","Dane County, Wisconsin",546,742,-196,"Dane County","Wisconsin"
"284","Darke County, Ohio",774,651,123,"Darke County","Ohio"
"285","Dauphin County, Pennsylvania",476,0,476,"Dauphin County","Pennsylvania"
"286","Davidson County, North Carolina",21,51,-30,"Davidson County","North Carolina"
"287","Davidson County, Tennessee",1891,3342,-1451,"Davidson County","Tennessee"
"288","Davie County, North Carolina",32,0,32,"Davie County","North Carolina"
"289","Daviess County, Indiana",100,0,100,"Daviess County","Indiana"
"290","Daviess County, Kentucky",981,577,404,"Daviess County","Kentucky"
"291","Davis County, Utah",82,0,82,"Davis County","Utah"
"292","Dawes County, Nebraska",52,0,52,"Dawes County","Nebraska"
"293","Dawson County, Texas",116,0,116,"Dawson County","Texas"
"294","Decatur County, Indiana",404,541,-137,"Decatur County","Indiana"
"295","Decatur County, Tennessee",0,16,-16,"Decatur County","Tennessee"
"296","Defiance County, Ohio",261,120,141,"Defiance County","Ohio"
"297","DeKalb County, Georgia",528,1007,-479,"DeKalb County","Georgia"
"298","DeKalb County, Illinois",45,0,45,"DeKalb County","Illinois"
"299","DeKalb County, Indiana",82,52,30,"DeKalb County","Indiana"
"300","Delaware County, Indiana",1303,1814,-511,"Delaware County","Indiana"
"301","Delaware County, New York",0,62,-62,"Delaware County","New York"
"302","Delaware County, Ohio",2928,1098,1830,"Delaware County","Ohio"
"303","Delaware County, Oklahoma",0,6,-6,"Delaware County","Oklahoma"
"304","Delaware County, Pennsylvania",4,302,-298,"Delaware County","Pennsylvania"
"305","Denton County, Texas",289,704,-415,"Denton County","Texas"
"306","Denver County, Colorado",455,643,-188,"Denver County","Colorado"
"307","DeSoto County, Florida",0,36,-36,"DeSoto County","Florida"
"308","DeSoto County, Mississippi",414,0,414,"DeSoto County","Mississippi"
"309","Dewey County, South Dakota",6,0,6,"Dewey County","South Dakota"
"310","District of Columbia, District of Columbia",1257,1038,219,"District of Columbia","District of Columbia"
"311","Doddridge County, West Virginia",265,0,265,"Doddridge County","West Virginia"
"312","Dodge County, Wisconsin",0,142,-142,"Dodge County","Wisconsin"
"313","Doña Ana County, New Mexico",116,0,116,"Doña Ana County","New Mexico"
"314","Door County, Wisconsin",0,62,-62,"Door County","Wisconsin"
"315","Dorchester County, Maryland",29,0,29,"Dorchester County","Maryland"
"316","Dorchester County, South Carolina",0,104,-104,"Dorchester County","South Carolina"
"317","Dougherty County, Georgia",0,38,-38,"Dougherty County","Georgia"
"318","Douglas County, Colorado",300,450,-150,"Douglas County","Colorado"
"319","Douglas County, Georgia",124,437,-313,"Douglas County","Georgia"
"320","Douglas County, Illinois",77,0,77,"Douglas County","Illinois"
"321","Douglas County, Kansas",130,36,94,"Douglas County","Kansas"
"322","Douglas County, Minnesota",0,20,-20,"Douglas County","Minnesota"
"323","Douglas County, Nebraska",1451,310,1141,"Douglas County","Nebraska"
"324","Douglas County, Nevada",0,8,-8,"Douglas County","Nevada"
"325","Dubois County, Indiana",0,35,-35,"Dubois County","Indiana"
"326","Dubuque County, Iowa",0,89,-89,"Dubuque County","Iowa"
"327","Dunn County, Wisconsin",74,0,74,"Dunn County","Wisconsin"
"328","DuPage County, Illinois",1286,1643,-357,"DuPage County","Illinois"
"329","Durham County, North Carolina",157,376,-219,"Durham County","North Carolina"
"330","Dutchess County, New York",442,66,376,"Dutchess County","New York"
"331","Duval County, Florida",986,1632,-646,"Duval County","Florida"
"332","Dyer County, Tennessee",102,0,102,"Dyer County","Tennessee"
"333","Eagle County, Colorado",126,0,126,"Eagle County","Colorado"
"334","East Baton Rouge Parish, Louisiana",68,95,-27,"East Baton Rouge Parish","Louisiana"
"335","Eaton County, Michigan",298,780,-482,"Eaton County","Michigan"
"336","Eau Claire County, Wisconsin",68,0,68,"Eau Claire County","Wisconsin"
"337","Eddy County, New Mexico",0,22,-22,"Eddy County","New Mexico"
"338","Edgecombe County, North Carolina",0,161,-161,"Edgecombe County","North Carolina"
"339","Edmonson County, Kentucky",4,198,-194,"Edmonson County","Kentucky"
"340","Effingham County, Georgia",0,686,-686,"Effingham County","Georgia"
"341","Effingham County, Illinois",52,18,34,"Effingham County","Illinois"
"342","El Dorado County, California",40,0,40,"El Dorado County","California"
"343","El Paso County, Colorado",383,1310,-927,"El Paso County","Colorado"
"344","El Paso County, Texas",1484,26,1458,"El Paso County","Texas"
"345","Elkhart County, Indiana",479,436,43,"Elkhart County","Indiana"
"346","Elko County, Nevada",58,0,58,"Elko County","Nevada"
"347","Elliott County, Kentucky",57,74,-17,"Elliott County","Kentucky"
"348","Ellis County, Texas",33,0,33,"Ellis County","Texas"
"349","Elmore County, Alabama",0,126,-126,"Elmore County","Alabama"
"350","Emanuel County, Georgia",66,0,66,"Emanuel County","Georgia"
"351","Emmet County, Iowa",95,0,95,"Emmet County","Iowa"
"352","Emmet County, Michigan",190,32,158,"Emmet County","Michigan"
"353","Erie County, New York",1528,550,978,"Erie County","New York"
"354","Erie County, Ohio",286,241,45,"Erie County","Ohio"
"355","Erie County, Pennsylvania",994,850,144,"Erie County","Pennsylvania"
"356","Escambia County, Florida",548,502,46,"Escambia County","Florida"
"357","Essex County, Massachusetts",1074,164,910,"Essex County","Massachusetts"
"358","Essex County, New Jersey",154,244,-90,"Essex County","New Jersey"
"359","Estill County, Kentucky",114,174,-60,"Estill County","Kentucky"
"360","Fairbanks North Star Borough, Alaska",1394,159,1235,"Fairbanks North Star Borough","Alaska"
"361","Fairfax city, Virginia",19,0,19,"Fairfax city","Virginia"
"362","Fairfax County, Virginia",1352,1186,166,"Fairfax County","Virginia"
"363","Fairfield County, Connecticut",984,1078,-94,"Fairfield County","Connecticut"
"364","Fairfield County, Ohio",1678,2243,-565,"Fairfield County","Ohio"
"365","Fannin County, Texas",0,607,-607,"Fannin County","Texas"
"366","Faribault County, Minnesota",0,4,-4,"Faribault County","Minnesota"
"367","Fauquier County, Virginia",48,44,4,"Fauquier County","Virginia"
"368","Fayette County, Georgia",347,140,207,"Fayette County","Georgia"
"369","Fayette County, Indiana",646,124,522,"Fayette County","Indiana"
"370","Fayette County, Kentucky",6224,11535,-5311,"Fayette County","Kentucky"
"371","Fayette County, Ohio",509,555,-46,"Fayette County","Ohio"
"372","Fayette County, Pennsylvania",0,70,-70,"Fayette County","Pennsylvania"
"373","Fayette County, West Virginia",86,11,75,"Fayette County","West Virginia"
"374","Fentress County, Tennessee",0,258,-258,"Fentress County","Tennessee"
"375","Finney County, Kansas",16,0,16,"Finney County","Kansas"
"376","Flagler County, Florida",0,20,-20,"Flagler County","Florida"
"377","Fleming County, Kentucky",639,192,447,"Fleming County","Kentucky"
"378","Florence County, South Carolina",0,67,-67,"Florence County","South Carolina"
"379","Floyd County, Georgia",156,68,88,"Floyd County","Georgia"
"380","Floyd County, Indiana",375,275,100,"Floyd County","Indiana"
"381","Floyd County, Kentucky",155,113,42,"Floyd County","Kentucky"
"382","Fond du Lac County, Wisconsin",168,88,80,"Fond du Lac County","Wisconsin"
"383","Ford County, Illinois",0,87,-87,"Ford County","Illinois"
"384","Forest County, Wisconsin",0,8,-8,"Forest County","Wisconsin"
"385","Forrest County, Mississippi",47,0,47,"Forrest County","Mississippi"
"386","Forsyth County, Georgia",79,478,-399,"Forsyth County","Georgia"
"387","Forsyth County, North Carolina",283,229,54,"Forsyth County","North Carolina"
"388","Fort Bend County, Texas",332,196,136,"Fort Bend County","Texas"
"389","Franklin city, Virginia",2,0,2,"Franklin city","Virginia"
"390","Franklin County, Florida",36,0,36,"Franklin County","Florida"
"391","Franklin County, Georgia",35,0,35,"Franklin County","Georgia"
"392","Franklin County, Idaho",0,139,-139,"Franklin County","Idaho"
"393","Franklin County, Illinois",16,0,16,"Franklin County","Illinois"
"394","Franklin County, Indiana",3152,3268,-116,"Franklin County","Indiana"
"395","Franklin County, Kentucky",829,695,134,"Franklin County","Kentucky"
"396","Franklin County, Maine",0,128,-128,"Franklin County","Maine"
"397","Franklin County, Massachusetts",40,0,40,"Franklin County","Massachusetts"
"398","Franklin County, Ohio",21921,26013,-4092,"Franklin County","Ohio"
"399","Franklin County, Virginia",9,0,9,"Franklin County","Virginia"
"400","Frederick County, Maryland",287,56,231,"Frederick County","Maryland"
"401","Frederick County, Virginia",45,0,45,"Frederick County","Virginia"
"402","Fredericksburg city, Virginia",29,12,17,"Fredericksburg city","Virginia"
"403","Fresno County, California",36,0,36,"Fresno County","California"
"404","Fulton County, Georgia",1620,2167,-547,"Fulton County","Georgia"
"405","Fulton County, Indiana",0,27,-27,"Fulton County","Indiana"
"406","Fulton County, Kentucky",0,40,-40,"Fulton County","Kentucky"
"407","Fulton County, Ohio",338,110,228,"Fulton County","Ohio"
"408","Gallatin County, Montana",11,29,-18,"Gallatin County","Montana"
"409","Gallia County, Ohio",317,773,-456,"Gallia County","Ohio"
"410","Galveston County, Texas",69,149,-80,"Galveston County","Texas"
"411","Garland County, Arkansas",0,34,-34,"Garland County","Arkansas"
"412","Garrard County, Kentucky",122,115,7,"Garrard County","Kentucky"
"413","Gaston County, North Carolina",75,36,39,"Gaston County","North Carolina"
"414","Gates County, North Carolina",0,72,-72,"Gates County","North Carolina"
"415","Geary County, Kansas",367,0,367,"Geary County","Kansas"
"416","Geauga County, Ohio",776,144,632,"Geauga County","Ohio"
"417","Genesee County, Michigan",1226,164,1062,"Genesee County","Michigan"
"418","Gibson County, Indiana",26,5,21,"Gibson County","Indiana"
"419","Gilchrist County, Florida",22,69,-47,"Gilchrist County","Florida"
"420","Gilmer County, Georgia",0,163,-163,"Gilmer County","Georgia"
"421","Gilmer County, West Virginia",0,44,-44,"Gilmer County","West Virginia"
"422","Gloucester County, New Jersey",0,34,-34,"Gloucester County","New Jersey"
"423","Gloucester County, Virginia",163,0,163,"Gloucester County","Virginia"
"424","Glynn County, Georgia",0,78,-78,"Glynn County","Georgia"
"425","Goliad County, Texas",0,301,-301,"Goliad County","Texas"
"426","Goodhue County, Minnesota",0,218,-218,"Goodhue County","Minnesota"
"427","Gove County, Kansas",0,1,-1,"Gove County","Kansas"
"428","Grafton County, New Hampshire",68,286,-218,"Grafton County","New Hampshire"
"429","Grainger County, Tennessee",131,0,131,"Grainger County","Tennessee"
"430","Grand County, Colorado",7,0,7,"Grand County","Colorado"
"431","Grand Forks County, North Dakota",56,20,36,"Grand Forks County","North Dakota"
"432","Grand Traverse County, Michigan",128,604,-476,"Grand Traverse County","Michigan"
"433","Grant County, Indiana",614,178,436,"Grant County","Indiana"
"434","Grant County, Wisconsin",0,28,-28,"Grant County","Wisconsin"
"435","Granville County, North Carolina",22,0,22,"Granville County","North Carolina"
"436","Gratiot County, Michigan",54,0,54,"Gratiot County","Michigan"
"437","Graves County, Kentucky",150,190,-40,"Graves County","Kentucky"
"438","Gray County, Texas",30,0,30,"Gray County","Texas"
"439","Grayson County, Kentucky",114,59,55,"Grayson County","Kentucky"
"440","Grayson County, Texas",0,40,-40,"Grayson County","Texas"
"441","Green County, Kentucky",25,0,25,"Green County","Kentucky"
"442","Greenbrier County, West Virginia",121,0,121,"Greenbrier County","West Virginia"
"443","Greene County, Indiana",169,112,57,"Greene County","Indiana"
"444","Greene County, Missouri",255,266,-11,"Greene County","Missouri"
"445","Greene County, Ohio",7122,10167,-3045,"Greene County","Ohio"
"446","Greene County, Pennsylvania",66,0,66,"Greene County","Pennsylvania"
"447","Greene County, Tennessee",112,40,72,"Greene County","Tennessee"
"448","Greenup County, Kentucky",181,491,-310,"Greenup County","Kentucky"
"449","Greenville County, South Carolina",1043,1009,34,"Greenville County","South Carolina"
"450","Greenwood County, South Carolina",0,14,-14,"Greenwood County","South Carolina"
"451","Gregg County, Texas",288,28,260,"Gregg County","Texas"
"452","Gregory County, South Dakota",0,1,-1,"Gregory County","South Dakota"
"453","Grundy County, Illinois",198,131,67,"Grundy County","Illinois"
"454","Guadalupe County, Texas",142,13,129,"Guadalupe County","Texas"
"455","Guernsey County, Ohio",40,148,-108,"Guernsey County","Ohio"
"456","Guilford County, North Carolina",181,529,-348,"Guilford County","North Carolina"
"457","Gunnison County, Colorado",0,4,-4,"Gunnison County","Colorado"
"458","Gwinnett County, Georgia",558,1259,-701,"Gwinnett County","Georgia"
"459","Habersham County, Georgia",0,116,-116,"Habersham County","Georgia"
"460","Halifax County, Virginia",57,0,57,"Halifax County","Virginia"
"461","Hall County, Georgia",161,85,76,"Hall County","Georgia"
"462","Hamblen County, Tennessee",340,44,296,"Hamblen County","Tennessee"
"463","Hamilton County, Illinois",0,82,-82,"Hamilton County","Illinois"
"464","Hamilton County, Indiana",1144,1752,-608,"Hamilton County","Indiana"
"465","Hamilton County, Tennessee",441,605,-164,"Hamilton County","Tennessee"
"466","Hampden County, Massachusetts",408,372,36,"Hampden County","Massachusetts"
"467","Hampshire County, Massachusetts",40,290,-250,"Hampshire County","Massachusetts"
"468","Hampshire County, West Virginia",0,25,-25,"Hampshire County","West Virginia"
"469","Hampton city, Virginia",0,195,-195,"Hampton city","Virginia"
"470","Hancock County, Indiana",103,61,42,"Hancock County","Indiana"
"471","Hancock County, Kentucky",107,0,107,"Hancock County","Kentucky"
"472","Hancock County, Maine",130,16,114,"Hancock County","Maine"
"473","Hancock County, Ohio",651,371,280,"Hancock County","Ohio"
"474","Hancock County, West Virginia",0,76,-76,"Hancock County","West Virginia"
"475","Hanover County, Virginia",15,0,15,"Hanover County","Virginia"
"476","Hardin County, Iowa",0,21,-21,"Hardin County","Iowa"
"477","Hardin County, Kentucky",733,1020,-287,"Hardin County","Kentucky"
"478","Hardin County, Ohio",623,465,158,"Hardin County","Ohio"
"479","Harford County, Maryland",345,0,345,"Harford County","Maryland"
"480","Harlan County, Kentucky",4,90,-86,"Harlan County","Kentucky"
"481","Harnett County, North Carolina",0,224,-224,"Harnett County","North Carolina"
"482","Harris County, Texas",739,1899,-1160,"Harris County","Texas"
"483","Harrison County, Indiana",101,77,24,"Harrison County","Indiana"
"484","Harrison County, Kentucky",577,793,-216,"Harrison County","Kentucky"
"485","Harrison County, Mississippi",54,356,-302,"Harrison County","Mississippi"
"486","Harrison County, Ohio",0,49,-49,"Harrison County","Ohio"
"487","Harrison County, West Virginia",0,92,-92,"Harrison County","West Virginia"
"488","Harrisonburg city, Virginia",0,38,-38,"Harrisonburg city","Virginia"
"489","Hart County, Kentucky",2,25,-23,"Hart County","Kentucky"
"490","Hartford County, Connecticut",338,1036,-698,"Hartford County","Connecticut"
"491","Harvey County, Kansas",72,0,72,"Harvey County","Kansas"
"492","Hawkins County, Tennessee",0,45,-45,"Hawkins County","Tennessee"
"493","Hays County, Texas",38,222,-184,"Hays County","Texas"
"494","Haywood County, North Carolina",0,15,-15,"Haywood County","North Carolina"
"495","Henderson County, Kentucky",534,229,305,"Henderson County","Kentucky"
"496","Henderson County, North Carolina",315,0,315,"Henderson County","North Carolina"
"497","Hendricks County, Indiana",567,628,-61,"Hendricks County","Indiana"
"498","Hendry County, Florida",249,0,249,"Hendry County","Florida"
"499","Hennepin County, Minnesota",3552,2256,1296,"Hennepin County","Minnesota"
"500","Henrico County, Virginia",790,8,782,"Henrico County","Virginia"
"501","Henry County, Georgia",8,270,-262,"Henry County","Georgia"
"502","Henry County, Illinois",12,0,12,"Henry County","Illinois"
"503","Henry County, Indiana",146,244,-98,"Henry County","Indiana"
"504","Henry County, Kentucky",94,143,-49,"Henry County","Kentucky"
"505","Henry County, Ohio",149,124,25,"Henry County","Ohio"
"506","Henry County, Tennessee",28,0,28,"Henry County","Tennessee"
"507","Henry County, Virginia",0,12,-12,"Henry County","Virginia"
"508","Hernando County, Florida",307,65,242,"Hernando County","Florida"
"509","Hickman County, Tennessee",35,0,35,"Hickman County","Tennessee"
"510","Hidalgo County, Texas",98,0,98,"Hidalgo County","Texas"
"511","Highland County, Ohio",3184,3219,-35,"Highland County","Ohio"
"512","Highlands County, Florida",4,167,-163,"Highlands County","Florida"
"513","Hill County, Texas",417,77,340,"Hill County","Texas"
"514","Hillsborough County, Florida",1951,2044,-93,"Hillsborough County","Florida"
"515","Hillsborough County, New Hampshire",1634,506,1128,"Hillsborough County","New Hampshire"
"516","Hillsdale County, Michigan",86,104,-18,"Hillsdale County","Michigan"
"517","Hinds County, Mississippi",215,0,215,"Hinds County","Mississippi"
"518","Hocking County, Ohio",76,350,-274,"Hocking County","Ohio"
"519","Holmes County, Mississippi",0,166,-166,"Holmes County","Mississippi"
"520","Holmes County, Ohio",0,130,-130,"Holmes County","Ohio"
"521","Honolulu County, Hawaii",851,809,42,"Honolulu County","Hawaii"
"522","Hopewell city, Virginia",54,0,54,"Hopewell city","Virginia"
"523","Hopkins County, Kentucky",107,73,34,"Hopkins County","Kentucky"
"524","Horry County, South Carolina",415,634,-219,"Horry County","South Carolina"
"525","Houston County, Alabama",0,46,-46,"Houston County","Alabama"
"526","Houston County, Georgia",61,60,1,"Houston County","Georgia"
"527","Howard County, Indiana",80,0,80,"Howard County","Indiana"
"528","Howard County, Maryland",95,42,53,"Howard County","Maryland"
"529","Howard County, Texas",0,172,-172,"Howard County","Texas"
"530","Hubbard County, Minnesota",64,190,-126,"Hubbard County","Minnesota"
"531","Hudson County, New Jersey",184,366,-182,"Hudson County","New Jersey"
"532","Humboldt County, California",0,78,-78,"Humboldt County","California"
"533","Humphreys County, Tennessee",47,16,31,"Humphreys County","Tennessee"
"534","Hunterdon County, New Jersey",986,86,900,"Hunterdon County","New Jersey"
"535","Huntingdon County, Pennsylvania",116,0,116,"Huntingdon County","Pennsylvania"
"536","Huntington County, Indiana",19,65,-46,"Huntington County","Indiana"
"537","Huron County, Ohio",124,58,66,"Huron County","Ohio"
"538","Indian River County, Florida",98,40,58,"Indian River County","Florida"
"539","Indiana County, Pennsylvania",110,132,-22,"Indiana County","Pennsylvania"
"540","Ingham County, Michigan",1324,1246,78,"Ingham County","Michigan"
"541","Iowa County, Wisconsin",0,14,-14,"Iowa County","Wisconsin"
"542","Iredell County, North Carolina",19,184,-165,"Iredell County","North Carolina"
"543","Iron County, Michigan",0,4,-4,"Iron County","Michigan"
"544","Isabella County, Michigan",816,170,646,"Isabella County","Michigan"
"545","Isanti County, Minnesota",88,0,88,"Isanti County","Minnesota"
"546","Island County, Washington",144,0,144,"Island County","Washington"
"547","Jackson County, Illinois",192,0,192,"Jackson County","Illinois"
"548","Jackson County, Indiana",114,255,-141,"Jackson County","Indiana"
"549","Jackson County, Kentucky",437,313,124,"Jackson County","Kentucky"
"550","Jackson County, Michigan",1268,20,1248,"Jackson County","Michigan"
"551","Jackson County, Mississippi",0,79,-79,"Jackson County","Mississippi"
"552","Jackson County, Missouri",41,474,-433,"Jackson County","Missouri"
"553","Jackson County, North Carolina",0,6,-6,"Jackson County","North Carolina"
"554","Jackson County, Ohio",157,42,115,"Jackson County","Ohio"
"555","Jackson County, Oregon",58,0,58,"Jackson County","Oregon"
"556","Jackson County, Texas",0,10,-10,"Jackson County","Texas"
"557","Jackson County, Wisconsin",0,10,-10,"Jackson County","Wisconsin"
"558","James City County, Virginia",249,48,201,"James City County","Virginia"
"559","Jasper County, Indiana",54,20,34,"Jasper County","Indiana"
"560","Jasper County, Missouri",231,0,231,"Jasper County","Missouri"
"561","Jay County, Indiana",98,103,-5,"Jay County","Indiana"
"562","Jefferson County, Alabama",44,886,-842,"Jefferson County","Alabama"
"563","Jefferson County, Arkansas",0,27,-27,"Jefferson County","Arkansas"
"564","Jefferson County, Colorado",152,546,-394,"Jefferson County","Colorado"
"565","Jefferson County, Idaho",0,9,-9,"Jefferson County","Idaho"
"566","Jefferson County, Illinois",51,0,51,"Jefferson County","Illinois"
"567","Jefferson County, Indiana",445,907,-462,"Jefferson County","Indiana"
"568","Jefferson County, Kentucky",6664,8583,-1919,"Jefferson County","Kentucky"
"569","Jefferson County, Missouri",124,0,124,"Jefferson County","Missouri"
"570","Jefferson County, Montana",16,0,16,"Jefferson County","Montana"
"571","Jefferson County, New York",170,210,-40,"Jefferson County","New York"
"572","Jefferson County, Ohio",679,890,-211,"Jefferson County","Ohio"
"573","Jefferson County, Pennsylvania",0,20,-20,"Jefferson County","Pennsylvania"
"574","Jefferson County, Tennessee",0,113,-113,"Jefferson County","Tennessee"
"575","Jefferson County, Texas",584,0,584,"Jefferson County","Texas"
"576","Jefferson County, West Virginia",19,0,19,"Jefferson County","West Virginia"
"577","Jefferson County, Wisconsin",160,26,134,"Jefferson County","Wisconsin"
"578","Jefferson Parish, Louisiana",412,55,357,"Jefferson Parish","Louisiana"
"579","Jennings County, Indiana",317,598,-281,"Jennings County","Indiana"
"580","Jessamine County, Kentucky",515,1038,-523,"Jessamine County","Kentucky"
"581","Jim Wells County, Texas",0,145,-145,"Jim Wells County","Texas"
"582","Johnson County, Georgia",0,34,-34,"Johnson County","Georgia"
"583","Johnson County, Indiana",576,358,218,"Johnson County","Indiana"
"584","Johnson County, Iowa",186,118,68,"Johnson County","Iowa"
"585","Johnson County, Kansas",1084,1662,-578,"Johnson County","Kansas"
"586","Johnson County, Kentucky",71,88,-17,"Johnson County","Kentucky"
"587","Johnson County, Missouri",60,0,60,"Johnson County","Missouri"
"588","Johnson County, Texas",271,31,240,"Johnson County","Texas"
"589","Johnston County, North Carolina",0,17,-17,"Johnston County","North Carolina"
"590","Judith Basin County, Montana",0,19,-19,"Judith Basin County","Montana"
"591","Juneau City and Borough, Alaska",0,53,-53,"Juneau City and Borough","Alaska"
"592","Kalamazoo County, Michigan",922,730,192,"Kalamazoo County","Michigan"
"593","Kanawha County, West Virginia",868,405,463,"Kanawha County","West Virginia"
"594","Kane County, Illinois",810,45,765,"Kane County","Illinois"
"595","Kankakee County, Illinois",12,75,-63,"Kankakee County","Illinois"
"596","Kauai County, Hawaii",0,117,-117,"Kauai County","Hawaii"
"597","Kaufman County, Texas",0,47,-47,"Kaufman County","Texas"
"598","Kay County, Oklahoma",0,3,-3,"Kay County","Oklahoma"
"599","Kendall County, Illinois",526,144,382,"Kendall County","Illinois"
"600","Kenosha County, Wisconsin",0,28,-28,"Kenosha County","Wisconsin"
"601","Kent County, Michigan",1388,3502,-2114,"Kent County","Michigan"
"602","Kent County, Rhode Island",150,354,-204,"Kent County","Rhode Island"
"603","Kern County, California",167,77,90,"Kern County","California"
"604","Kerr County, Texas",64,62,2,"Kerr County","Texas"
"605","Kewaunee County, Wisconsin",0,48,-48,"Kewaunee County","Wisconsin"
"606","King County, Washington",768,1548,-780,"King County","Washington"
"607","King George County, Virginia",0,66,-66,"King George County","Virginia"
"608","Kings County, California",751,59,692,"Kings County","California"
"609","Kings County, New York",2494,918,1576,"Kings County","New York"
"610","Kitsap County, Washington",431,432,-1,"Kitsap County","Washington"
"611","Klamath County, Oregon",64,0,64,"Klamath County","Oregon"
"612","Knott County, Kentucky",30,23,7,"Knott County","Kentucky"
"613","Knox County, Indiana",77,70,7,"Knox County","Indiana"
"614","Knox County, Kentucky",326,407,-81,"Knox County","Kentucky"
"615","Knox County, Maine",128,0,128,"Knox County","Maine"
"616","Knox County, Missouri",45,0,45,"Knox County","Missouri"
"617","Knox County, Nebraska",278,0,278,"Knox County","Nebraska"
"618","Knox County, Ohio",370,350,20,"Knox County","Ohio"
"619","Knox County, Tennessee",683,576,107,"Knox County","Tennessee"
"620","Knox County, Texas",0,5,-5,"Knox County","Texas"
"621","Koochiching County, Minnesota",0,66,-66,"Koochiching County","Minnesota"
"622","Kootenai County, Idaho",106,25,81,"Kootenai County","Idaho"
"623","Kosciusko County, Indiana",0,739,-739,"Kosciusko County","Indiana"
"624","La Crosse County, Wisconsin",0,60,-60,"La Crosse County","Wisconsin"
"625","La Salle County, Texas",0,29,-29,"La Salle County","Texas"
"626","Lackawanna County, Pennsylvania",0,146,-146,"Lackawanna County","Pennsylvania"
"627","Lafayette County, Mississippi",0,116,-116,"Lafayette County","Mississippi"
"628","Lafayette Parish, Louisiana",5,264,-259,"Lafayette Parish","Louisiana"
"629","Lake County, Florida",659,306,353,"Lake County","Florida"
"630","Lake County, Illinois",1400,910,490,"Lake County","Illinois"
"631","Lake County, Indiana",498,400,98,"Lake County","Indiana"
"632","Lake County, Ohio",1858,946,912,"Lake County","Ohio"
"633","Lake County, Tennessee",0,12,-12,"Lake County","Tennessee"
"634","Lamar County, Texas",0,38,-38,"Lamar County","Texas"
"635","LaMoure County, North Dakota",0,26,-26,"LaMoure County","North Dakota"
"636","Lancaster County, Nebraska",345,28,317,"Lancaster County","Nebraska"
"637","Lancaster County, Pennsylvania",274,316,-42,"Lancaster County","Pennsylvania"
"638","Lancaster County, South Carolina",0,68,-68,"Lancaster County","South Carolina"
"639","Lane County, Oregon",87,136,-49,"Lane County","Oregon"
"640","Lapeer County, Michigan",120,0,120,"Lapeer County","Michigan"
"641","LaPorte County, Indiana",61,42,19,"LaPorte County","Indiana"
"642","Laramie County, Wyoming",171,11,160,"Laramie County","Wyoming"
"643","Larimer County, Colorado",31,587,-556,"Larimer County","Colorado"
"644","Larue County, Kentucky",78,605,-527,"Larue County","Kentucky"
"645","Latah County, Idaho",81,0,81,"Latah County","Idaho"
"646","Lauderdale County, Alabama",39,60,-21,"Lauderdale County","Alabama"
"647","Lauderdale County, Mississippi",62,37,25,"Lauderdale County","Mississippi"
"648","Laurel County, Kentucky",656,803,-147,"Laurel County","Kentucky"
"649","Laurens County, South Carolina",0,65,-65,"Laurens County","South Carolina"
"650","Lawrence County, Indiana",6,46,-40,"Lawrence County","Indiana"
"651","Lawrence County, Kentucky",26,76,-50,"Lawrence County","Kentucky"
"652","Lawrence County, Missouri",0,1,-1,"Lawrence County","Missouri"
"653","Lawrence County, Ohio",587,205,382,"Lawrence County","Ohio"
"654","Lee County, Alabama",43,28,15,"Lee County","Alabama"
"655","Lee County, Florida",1030,2631,-1601,"Lee County","Florida"
"656","Lee County, Iowa",0,10,-10,"Lee County","Iowa"
"657","Lee County, Kentucky",174,50,124,"Lee County","Kentucky"
"658","Lee County, North Carolina",0,66,-66,"Lee County","North Carolina"
"659","Lee County, Virginia",19,0,19,"Lee County","Virginia"
"660","Leelanau County, Michigan",0,62,-62,"Leelanau County","Michigan"
"661","Lehigh County, Pennsylvania",182,348,-166,"Lehigh County","Pennsylvania"
"662","Lenawee County, Michigan",0,18,-18,"Lenawee County","Michigan"
"663","Lenoir County, North Carolina",0,14,-14,"Lenoir County","North Carolina"
"664","Leon County, Florida",322,211,111,"Leon County","Florida"
"665","Leslie County, Kentucky",13,236,-223,"Leslie County","Kentucky"
"666","Letcher County, Kentucky",22,6,16,"Letcher County","Kentucky"
"667","Levy County, Florida",58,13,45,"Levy County","Florida"
"668","Lewis and Clark County, Montana",0,138,-138,"Lewis and Clark County","Montana"
"669","Lewis County, Kentucky",220,930,-710,"Lewis County","Kentucky"
"670","Lexington city, Virginia",0,147,-147,"Lexington city","Virginia"
"671","Lexington County, South Carolina",93,228,-135,"Lexington County","South Carolina"
"672","Liberty County, Florida",0,21,-21,"Liberty County","Florida"
"673","Liberty County, Georgia",0,121,-121,"Liberty County","Georgia"
"674","Licking County, Ohio",1285,820,465,"Licking County","Ohio"
"675","Limestone County, Alabama",0,40,-40,"Limestone County","Alabama"
"676","Limestone County, Texas",18,0,18,"Limestone County","Texas"
"677","Lincoln County, Kentucky",113,93,20,"Lincoln County","Kentucky"
"678","Lincoln County, Missouri",0,16,-16,"Lincoln County","Missouri"
"679","Lincoln County, Nebraska",0,72,-72,"Lincoln County","Nebraska"
"680","Lincoln County, North Carolina",37,257,-220,"Lincoln County","North Carolina"
"681","Lincoln Parish, Louisiana",0,182,-182,"Lincoln Parish","Louisiana"
"682","Linn County, Iowa",79,428,-349,"Linn County","Iowa"
"683","Litchfield County, Connecticut",0,268,-268,"Litchfield County","Connecticut"
"684","Livingston County, Illinois",43,0,43,"Livingston County","Illinois"
"685","Livingston County, Kentucky",21,0,21,"Livingston County","Kentucky"
"686","Livingston County, Michigan",474,88,386,"Livingston County","Michigan"
"687","Livingston County, New York",32,0,32,"Livingston County","New York"
"688","Livingston Parish, Louisiana",0,431,-431,"Livingston Parish","Louisiana"
"689","Logan County, Illinois",0,145,-145,"Logan County","Illinois"
"690","Logan County, Kentucky",23,22,1,"Logan County","Kentucky"
"691","Logan County, Ohio",228,149,79,"Logan County","Ohio"
"692","Logan County, West Virginia",0,103,-103,"Logan County","West Virginia"
"693","Lonoke County, Arkansas",0,367,-367,"Lonoke County","Arkansas"
"694","Lorain County, Ohio",986,1242,-256,"Lorain County","Ohio"
"695","Los Alamos County, New Mexico",0,66,-66,"Los Alamos County","New Mexico"
"696","Los Angeles County, California",2864,1677,1187,"Los Angeles County","California"
"697","Loudon County, Tennessee",0,122,-122,"Loudon County","Tennessee"
"698","Loudoun County, Virginia",233,637,-404,"Loudoun County","Virginia"
"699","Lowndes County, Alabama",0,7,-7,"Lowndes County","Alabama"
"700","Lowndes County, Georgia",73,17,56,"Lowndes County","Georgia"
"701","Lowndes County, Mississippi",116,54,62,"Lowndes County","Mississippi"
"702","Lubbock County, Texas",550,0,550,"Lubbock County","Texas"
"703","Lucas County, Ohio",4033,4508,-475,"Lucas County","Ohio"
"704","Luzerne County, Pennsylvania",152,0,152,"Luzerne County","Pennsylvania"
"705","Lycoming County, Pennsylvania",476,48,428,"Lycoming County","Pennsylvania"
"706","Lynchburg city, Virginia",218,184,34,"Lynchburg city","Virginia"
"707","Lyon County, Iowa",0,6,-6,"Lyon County","Iowa"
"708","Lyon County, Kentucky",104,53,51,"Lyon County","Kentucky"
"709","Lyon County, Minnesota",158,0,158,"Lyon County","Minnesota"
"710","Macomb County, Michigan",574,612,-38,"Macomb County","Michigan"
"711","Macon County, Alabama",0,98,-98,"Macon County","Alabama"
"712","Macon County, Illinois",0,48,-48,"Macon County","Illinois"
"713","Macon County, North Carolina",25,56,-31,"Macon County","North Carolina"
"714","Madera County, California",66,19,47,"Madera County","California"
"715","Madison County, Alabama",182,442,-260,"Madison County","Alabama"
"716","Madison County, Florida",0,95,-95,"Madison County","Florida"
"717","Madison County, Georgia",0,52,-52,"Madison County","Georgia"
"718","Madison County, Idaho",43,0,43,"Madison County","Idaho"
"719","Madison County, Illinois",115,0,115,"Madison County","Illinois"
"720","Madison County, Indiana",43,363,-320,"Madison County","Indiana"
"721","Madison County, Kentucky",1730,3848,-2118,"Madison County","Kentucky"
"722","Madison County, New York",0,62,-62,"Madison County","New York"
"723","Madison County, Ohio",1233,4679,-3446,"Madison County","Ohio"
"724","Madison County, Tennessee",855,414,441,"Madison County","Tennessee"
"725","Magoffin County, Kentucky",550,0,550,"Magoffin County","Kentucky"
"726","Mahoning County, Ohio",1175,1175,0,"Mahoning County","Ohio"
"727","Manassas Park city, Virginia",34,35,-1,"Manassas Park city","Virginia"
"728","Manatee County, Florida",730,1299,-569,"Manatee County","Florida"
"729","Manistee County, Michigan",316,0,316,"Manistee County","Michigan"
"730","Manitowoc County, Wisconsin",88,54,34,"Manitowoc County","Wisconsin"
"731","Maricopa County, Arizona",2097,2541,-444,"Maricopa County","Arizona"
"732","Marin County, California",191,0,191,"Marin County","California"
"733","Marinette County, Wisconsin",0,4,-4,"Marinette County","Wisconsin"
"734","Marion County, Florida",176,450,-274,"Marion County","Florida"
"735","Marion County, Illinois",35,4,31,"Marion County","Illinois"
"736","Marion County, Indiana",4726,2465,2261,"Marion County","Indiana"
"737","Marion County, Iowa",0,42,-42,"Marion County","Iowa"
"738","Marion County, Kentucky",73,196,-123,"Marion County","Kentucky"
"739","Marion County, Ohio",873,1296,-423,"Marion County","Ohio"
"740","Marion County, South Carolina",48,74,-26,"Marion County","South Carolina"
"741","Marion County, Tennessee",414,0,414,"Marion County","Tennessee"
"742","Marion County, West Virginia",0,195,-195,"Marion County","West Virginia"
"743","Marquette County, Wisconsin",46,0,46,"Marquette County","Wisconsin"
"744","Marshall County, Alabama",0,42,-42,"Marshall County","Alabama"
"745","Marshall County, Indiana",172,36,136,"Marshall County","Indiana"
"746","Marshall County, Iowa",0,194,-194,"Marshall County","Iowa"
"747","Marshall County, Kentucky",36,190,-154,"Marshall County","Kentucky"
"748","Martin County, Florida",19,382,-363,"Martin County","Florida"
"749","Martin County, Indiana",0,15,-15,"Martin County","Indiana"
"750","Martin County, Kentucky",74,56,18,"Martin County","Kentucky"
"751","Martin County, North Carolina",148,0,148,"Martin County","North Carolina"
"752","Martinsville city, Virginia",0,11,-11,"Martinsville city","Virginia"
"753","Mason County, Kentucky",1504,2837,-1333,"Mason County","Kentucky"
"754","Mason County, Michigan",20,0,20,"Mason County","Michigan"
"755","Mason County, West Virginia",3,0,3,"Mason County","West Virginia"
"756","Massac County, Illinois",0,10,-10,"Massac County","Illinois"
"757","Matanuska-Susitna Borough, Alaska",64,137,-73,"Matanuska-Susitna Borough","Alaska"
"758","Maui County, Hawaii",0,223,-223,"Maui County","Hawaii"
"759","Maury County, Tennessee",162,20,142,"Maury County","Tennessee"
"760","Mayes County, Oklahoma",0,1,-1,"Mayes County","Oklahoma"
"761","McClain County, Oklahoma",53,0,53,"McClain County","Oklahoma"
"762","McCracken County, Kentucky",500,32,468,"McCracken County","Kentucky"
"763","McCreary County, Kentucky",240,66,174,"McCreary County","Kentucky"
"764","McHenry County, Illinois",443,34,409,"McHenry County","Illinois"
"765","McIntosh County, Georgia",25,0,25,"McIntosh County","Georgia"
"766","McKean County, Pennsylvania",726,8,718,"McKean County","Pennsylvania"
"767","McKenzie County, North Dakota",34,0,34,"McKenzie County","North Dakota"
"768","McKinley County, New Mexico",51,0,51,"McKinley County","New Mexico"
"769","McLean County, Illinois",113,941,-828,"McLean County","Illinois"
"770","McLean County, Kentucky",291,4,287,"McLean County","Kentucky"
"771","McLean County, North Dakota",0,13,-13,"McLean County","North Dakota"
"772","McLennan County, Texas",4,132,-128,"McLennan County","Texas"
"773","McMinn County, Tennessee",0,92,-92,"McMinn County","Tennessee"
"774","McNairy County, Tennessee",0,4,-4,"McNairy County","Tennessee"
"775","Meade County, Kentucky",102,84,18,"Meade County","Kentucky"
"776","Meade County, South Dakota",0,14,-14,"Meade County","South Dakota"
"777","Mecklenburg County, North Carolina",941,1607,-666,"Mecklenburg County","North Carolina"
"778","Mecklenburg County, Virginia",0,9,-9,"Mecklenburg County","Virginia"
"779","Mecosta County, Michigan",28,112,-84,"Mecosta County","Michigan"
"780","Medina County, Ohio",1066,164,902,"Medina County","Ohio"
"781","Meigs County, Ohio",56,66,-10,"Meigs County","Ohio"
"782","Menifee County, Kentucky",630,0,630,"Menifee County","Kentucky"
"783","Merced County, California",0,116,-116,"Merced County","California"
"784","Mercer County, Illinois",84,0,84,"Mercer County","Illinois"
"785","Mercer County, Kentucky",278,34,244,"Mercer County","Kentucky"
"786","Mercer County, Missouri",4,1,3,"Mercer County","Missouri"
"787","Mercer County, New Jersey",98,330,-232,"Mercer County","New Jersey"
"788","Mercer County, Ohio",141,40,101,"Mercer County","Ohio"
"789","Mercer County, Pennsylvania",0,14,-14,"Mercer County","Pennsylvania"
"790","Mercer County, West Virginia",123,31,92,"Mercer County","West Virginia"
"791","Merrimack County, New Hampshire",542,16,526,"Merrimack County","New Hampshire"
"792","Metcalfe County, Kentucky",0,69,-69,"Metcalfe County","Kentucky"
"793","Miami-Dade County, Florida",855,593,262,"Miami-Dade County","Florida"
"794","Miami County, Indiana",45,38,7,"Miami County","Indiana"
"795","Miami County, Kansas",54,0,54,"Miami County","Kansas"
"796","Miami County, Ohio",1960,1465,495,"Miami County","Ohio"
"797","Middlesex County, Connecticut",350,90,260,"Middlesex County","Connecticut"
"798","Middlesex County, Massachusetts",2086,3378,-1292,"Middlesex County","Massachusetts"
"799","Middlesex County, New Jersey",440,410,30,"Middlesex County","New Jersey"
"800","Midland County, Michigan",194,190,4,"Midland County","Michigan"
"801","Mifflin County, Pennsylvania",158,0,158,"Mifflin County","Pennsylvania"
"802","Milwaukee County, Wisconsin",1318,1246,72,"Milwaukee County","Wisconsin"
"803","Minnehaha County, South Dakota",0,65,-65,"Minnehaha County","South Dakota"
"804","Mississippi County, Arkansas",48,157,-109,"Mississippi County","Arkansas"
"805","Missoula County, Montana",0,28,-28,"Missoula County","Montana"
"806","Mitchell County, North Carolina",0,51,-51,"Mitchell County","North Carolina"
"807","Mobile County, Alabama",194,245,-51,"Mobile County","Alabama"
"808","Mohave County, Arizona",74,0,74,"Mohave County","Arizona"
"809","Monmouth County, New Jersey",1660,226,1434,"Monmouth County","New Jersey"
"810","Monona County, Iowa",0,133,-133,"Monona County","Iowa"
"811","Monongalia County, West Virginia",110,371,-261,"Monongalia County","West Virginia"
"812","Monroe County, Florida",112,4,108,"Monroe County","Florida"
"813","Monroe County, Georgia",90,0,90,"Monroe County","Georgia"
"814","Monroe County, Indiana",1844,2686,-842,"Monroe County","Indiana"
"815","Monroe County, Kentucky",118,53,65,"Monroe County","Kentucky"
"816","Monroe County, Michigan",314,336,-22,"Monroe County","Michigan"
"817","Monroe County, New York",712,234,478,"Monroe County","New York"
"818","Monroe County, Ohio",11,22,-11,"Monroe County","Ohio"
"819","Monroe County, Pennsylvania",110,0,110,"Monroe County","Pennsylvania"
"820","Monroe County, Tennessee",70,121,-51,"Monroe County","Tennessee"
"821","Monroe County, Wisconsin",0,64,-64,"Monroe County","Wisconsin"
"822","Monterey County, California",74,141,-67,"Monterey County","California"
"823","Montgomery County, Alabama",8,36,-28,"Montgomery County","Alabama"
"824","Montgomery County, Illinois",32,0,32,"Montgomery County","Illinois"
"825","Montgomery County, Indiana",63,90,-27,"Montgomery County","Indiana"
"826","Montgomery County, Kentucky",185,66,119,"Montgomery County","Kentucky"
"827","Montgomery County, Maryland",1035,806,229,"Montgomery County","Maryland"
"828","Montgomery County, New York",72,0,72,"Montgomery County","New York"
"829","Montgomery County, Ohio",32466,25829,6637,"Montgomery County","Ohio"
"830","Montgomery County, Pennsylvania",1152,1948,-796,"Montgomery County","Pennsylvania"
"831","Montgomery County, Tennessee",260,149,111,"Montgomery County","Tennessee"
"832","Montgomery County, Texas",227,350,-123,"Montgomery County","Texas"
"833","Montgomery County, Virginia",168,252,-84,"Montgomery County","Virginia"
"834","Moody County, South Dakota",0,115,-115,"Moody County","South Dakota"
"835","Moore County, Tennessee",0,1,-1,"Moore County","Tennessee"
"836","Morgan County, Indiana",26,8,18,"Morgan County","Indiana"
"837","Morgan County, Kentucky",213,237,-24,"Morgan County","Kentucky"
"838","Morgan County, Tennessee",0,27,-27,"Morgan County","Tennessee"
"839","Morgan County, West Virginia",0,292,-292,"Morgan County","West Virginia"
"840","Morris County, New Jersey",1352,314,1038,"Morris County","New Jersey"
"841","Morrow County, Ohio",101,106,-5,"Morrow County","Ohio"
"842","Mower County, Minnesota",0,32,-32,"Mower County","Minnesota"
"843","Muhlenberg County, Kentucky",0,225,-225,"Muhlenberg County","Kentucky"
"844","Multnomah County, Oregon",457,705,-248,"Multnomah County","Oregon"
"845","Muscogee County, Georgia",243,738,-495,"Muscogee County","Georgia"
"846","Muskegon County, Michigan",66,28,38,"Muskegon County","Michigan"
"847","Muskingum County, Ohio",834,301,533,"Muskingum County","Ohio"
"848","Muskogee County, Oklahoma",0,4,-4,"Muskogee County","Oklahoma"
"849","Napa County, California",2,6,-4,"Napa County","California"
"850","Nassau County, Florida",0,58,-58,"Nassau County","Florida"
"851","Nassau County, New York",1264,180,1084,"Nassau County","New York"
"852","Natchitoches Parish, Louisiana",6,0,6,"Natchitoches Parish","Louisiana"
"853","Natrona County, Wyoming",48,139,-91,"Natrona County","Wyoming"
"854","Nelson County, Kentucky",334,615,-281,"Nelson County","Kentucky"
"855","Nemaha County, Kansas",0,53,-53,"Nemaha County","Kansas"
"856","Nemaha County, Nebraska",0,7,-7,"Nemaha County","Nebraska"
"857","New Castle County, Delaware",398,188,210,"New Castle County","Delaware"
"858","New Hanover County, North Carolina",16,518,-502,"New Hanover County","North Carolina"
"859","New Haven County, Connecticut",478,976,-498,"New Haven County","Connecticut"
"860","New London County, Connecticut",384,458,-74,"New London County","Connecticut"
"861","New York County, New York",1924,3138,-1214,"New York County","New York"
"862","Newaygo County, Michigan",80,0,80,"Newaygo County","Michigan"
"863","Newberry County, South Carolina",0,4,-4,"Newberry County","South Carolina"
"864","Newport County, Rhode Island",0,294,-294,"Newport County","Rhode Island"
"865","Newport News city, Virginia",0,200,-200,"Newport News city","Virginia"
"866","Newton County, Georgia",14,0,14,"Newton County","Georgia"
"867","Newton County, Indiana",98,0,98,"Newton County","Indiana"
"868","Newton County, Missouri",14,0,14,"Newton County","Missouri"
"869","Niagara County, New York",296,20,276,"Niagara County","New York"
"870","Nicholas County, Kentucky",301,0,301,"Nicholas County","Kentucky"
"871","Noble County, Ohio",506,2460,-1954,"Noble County","Ohio"
"872","Norfolk city, Virginia",120,423,-303,"Norfolk city","Virginia"
"873","Norfolk County, Massachusetts",1300,1584,-284,"Norfolk County","Massachusetts"
"874","Northampton County, Pennsylvania",104,210,-106,"Northampton County","Pennsylvania"
"875","Northumberland County, Pennsylvania",72,0,72,"Northumberland County","Pennsylvania"
"876","Nueces County, Texas",324,0,324,"Nueces County","Texas"
"877","Oakland County, Michigan",4426,2756,1670,"Oakland County","Michigan"
"878","Ocean County, New Jersey",770,0,770,"Ocean County","New Jersey"
"879","Oceana County, Michigan",0,72,-72,"Oceana County","Michigan"
"880","Oconee County, South Carolina",31,0,31,"Oconee County","South Carolina"
"881","Oconto County, Wisconsin",0,34,-34,"Oconto County","Wisconsin"
"882","Ohio County, West Virginia",161,169,-8,"Ohio County","West Virginia"
"883","Okaloosa County, Florida",170,560,-390,"Okaloosa County","Florida"
"884","Okanogan County, Washington",0,44,-44,"Okanogan County","Washington"
"885","Okeechobee County, Florida",181,0,181,"Okeechobee County","Florida"
"886","Okfuskee County, Oklahoma",103,0,103,"Okfuskee County","Oklahoma"
"887","Oklahoma County, Oklahoma",99,347,-248,"Oklahoma County","Oklahoma"
"888","Oktibbeha County, Mississippi",0,38,-38,"Oktibbeha County","Mississippi"
"889","Oldham County, Kentucky",1042,1240,-198,"Oldham County","Kentucky"
"890","Olmsted County, Minnesota",384,86,298,"Olmsted County","Minnesota"
"891","Oneida County, New York",0,74,-74,"Oneida County","New York"
"892","Onondaga County, New York",548,576,-28,"Onondaga County","New York"
"893","Onslow County, North Carolina",1206,601,605,"Onslow County","North Carolina"
"894","Ontario County, New York",630,0,630,"Ontario County","New York"
"895","Orange County, California",400,620,-220,"Orange County","California"
"896","Orange County, Florida",2793,1404,1389,"Orange County","Florida"
"897","Orange County, Indiana",0,46,-46,"Orange County","Indiana"
"898","Orange County, New York",72,0,72,"Orange County","New York"
"899","Orange County, North Carolina",698,78,620,"Orange County","North Carolina"
"900","Orleans County, New York",42,92,-50,"Orleans County","New York"
"901","Orleans Parish, Louisiana",148,232,-84,"Orleans Parish","Louisiana"
"902","Osage County, Oklahoma",169,0,169,"Osage County","Oklahoma"
"903","Osceola County, Florida",108,482,-374,"Osceola County","Florida"
"904","Oswego County, New York",0,124,-124,"Oswego County","New York"
"905","Otero County, New Mexico",8,0,8,"Otero County","New Mexico"
"906","Otsego County, New York",236,0,236,"Otsego County","New York"
"907","Ottawa County, Michigan",516,258,258,"Ottawa County","Michigan"
"908","Ottawa County, Ohio",157,0,157,"Ottawa County","Ohio"
"909","Ouachita Parish, Louisiana",485,21,464,"Ouachita Parish","Louisiana"
"910","Outagamie County, Wisconsin",0,164,-164,"Outagamie County","Wisconsin"
"911","Owen County, Indiana",0,206,-206,"Owen County","Indiana"
"912","Owen County, Kentucky",1598,1471,127,"Owen County","Kentucky"
"913","Owsley County, Kentucky",431,121,310,"Owsley County","Kentucky"
"914","Owyhee County, Idaho",114,0,114,"Owyhee County","Idaho"
"915","Oxford County, Maine",0,104,-104,"Oxford County","Maine"
"916","Ozaukee County, Wisconsin",774,28,746,"Ozaukee County","Wisconsin"
"917","Palm Beach County, Florida",880,1041,-161,"Palm Beach County","Florida"
"918","Parke County, Indiana",0,93,-93,"Parke County","Indiana"
"919","Pasco County, Florida",505,1182,-677,"Pasco County","Florida"
"920","Passaic County, New Jersey",364,0,364,"Passaic County","New Jersey"
"921","Paulding County, Georgia",41,0,41,"Paulding County","Georgia"
"922","Paulding County, Ohio",126,26,100,"Paulding County","Ohio"
"923","Payette County, Idaho",69,0,69,"Payette County","Idaho"
"924","Peach County, Georgia",12,0,12,"Peach County","Georgia"
"925","Pembina County, North Dakota",0,13,-13,"Pembina County","North Dakota"
"926","Pender County, North Carolina",103,390,-287,"Pender County","North Carolina"
"927","Pennington County, Minnesota",0,62,-62,"Pennington County","Minnesota"
"928","Penobscot County, Maine",0,72,-72,"Penobscot County","Maine"
"929","Peoria County, Illinois",13,68,-55,"Peoria County","Illinois"
"930","Perry County, Indiana",77,86,-9,"Perry County","Indiana"
"931","Perry County, Kentucky",122,290,-168,"Perry County","Kentucky"
"932","Perry County, Ohio",193,268,-75,"Perry County","Ohio"
"933","Person County, North Carolina",0,100,-100,"Person County","North Carolina"
"934","Petersburg city, Virginia",6,0,6,"Petersburg city","Virginia"
"935","Pettis County, Missouri",0,2,-2,"Pettis County","Missouri"
"936","Philadelphia County, Pennsylvania",1136,634,502,"Philadelphia County","Pennsylvania"
"937","Phillips County, Kansas",0,141,-141,"Phillips County","Kansas"
"938","Piatt County, Illinois",0,120,-120,"Piatt County","Illinois"
"939","Pickaway County, Ohio",1153,3314,-2161,"Pickaway County","Ohio"
"940","Pickens County, South Carolina",31,34,-3,"Pickens County","South Carolina"
"941","Pickett County, Tennessee",5,0,5,"Pickett County","Tennessee"
"942","Pierce County, Georgia",365,0,365,"Pierce County","Georgia"
"943","Pierce County, Washington",632,839,-207,"Pierce County","Washington"
"944","Pike County, Indiana",44,21,23,"Pike County","Indiana"
"945","Pike County, Kentucky",320,246,74,"Pike County","Kentucky"
"946","Pike County, Ohio",332,127,205,"Pike County","Ohio"
"947","Pike County, Pennsylvania",118,0,118,"Pike County","Pennsylvania"
"948","Pima County, Arizona",524,619,-95,"Pima County","Arizona"
"949","Pinal County, Arizona",92,259,-167,"Pinal County","Arizona"
"950","Pine County, Minnesota",0,22,-22,"Pine County","Minnesota"
"951","Pinellas County, Florida",1126,1894,-768,"Pinellas County","Florida"
"952","Pitt County, North Carolina",380,110,270,"Pitt County","North Carolina"
"953","Pittsburg County, Oklahoma",0,23,-23,"Pittsburg County","Oklahoma"
"954","Pittsylvania County, Virginia",0,72,-72,"Pittsylvania County","Virginia"
"955","Platte County, Missouri",56,342,-286,"Platte County","Missouri"
"956","Platte County, Wyoming",5,0,5,"Platte County","Wyoming"
"957","Pleasants County, West Virginia",116,0,116,"Pleasants County","West Virginia"
"958","Plymouth County, Massachusetts",0,456,-456,"Plymouth County","Massachusetts"
"959","Polk County, Florida",185,832,-647,"Polk County","Florida"
"960","Polk County, Georgia",791,0,791,"Polk County","Georgia"
"961","Polk County, Iowa",48,16,32,"Polk County","Iowa"
"962","Polk County, Wisconsin",4,88,-84,"Polk County","Wisconsin"
"963","Pope County, Minnesota",0,6,-6,"Pope County","Minnesota"
"964","Portage County, Ohio",1092,995,97,"Portage County","Ohio"
"965","Portage County, Wisconsin",136,0,136,"Portage County","Wisconsin"
"966","Porter County, Indiana",82,215,-133,"Porter County","Indiana"
"967","Portsmouth city, Virginia",79,24,55,"Portsmouth city","Virginia"
"968","Pottawatomie County, Kansas",28,0,28,"Pottawatomie County","Kansas"
"969","Pottawattamie County, Iowa",77,307,-230,"Pottawattamie County","Iowa"
"970","Powell County, Kentucky",394,583,-189,"Powell County","Kentucky"
"971","Poweshiek County, Iowa",0,61,-61,"Poweshiek County","Iowa"
"972","Powhatan County, Virginia",0,103,-103,"Powhatan County","Virginia"
"973","Preble County, Ohio",4627,2901,1726,"Preble County","Ohio"
"974","Preston County, West Virginia",50,0,50,"Preston County","West Virginia"
"975","Prince George's County, Maryland",249,355,-106,"Prince George's County","Maryland"
"976","Prince William County, Virginia",111,46,65,"Prince William County","Virginia"
"977","Providence County, Rhode Island",2062,98,1964,"Providence County","Rhode Island"
"978","Pueblo County, Colorado",32,0,32,"Pueblo County","Colorado"
"979","Pulaski County, Arkansas",294,473,-179,"Pulaski County","Arkansas"
"980","Pulaski County, Indiana",0,229,-229,"Pulaski County","Indiana"
"981","Pulaski County, Kentucky",1557,1537,20,"Pulaski County","Kentucky"
"982","Pulaski County, Missouri",34,704,-670,"Pulaski County","Missouri"
"983","Pulaski County, Virginia",34,0,34,"Pulaski County","Virginia"
"984","Putnam County, Georgia",30,83,-53,"Putnam County","Georgia"
"985","Putnam County, Indiana",3,439,-436,"Putnam County","Indiana"
"986","Putnam County, Ohio",596,142,454,"Putnam County","Ohio"
"987","Putnam County, Tennessee",210,0,210,"Putnam County","Tennessee"
"988","Putnam County, West Virginia",39,77,-38,"Putnam County","West Virginia"
"989","Quay County, New Mexico",34,0,34,"Quay County","New Mexico"
"990","Queens County, New York",1362,1750,-388,"Queens County","New York"
"991","Raleigh County, West Virginia",207,127,80,"Raleigh County","West Virginia"
"992","Ramsey County, Minnesota",1312,528,784,"Ramsey County","Minnesota"
"993","Randall County, Texas",33,0,33,"Randall County","Texas"
"994","Randolph County, Alabama",0,129,-129,"Randolph County","Alabama"
"995","Randolph County, Illinois",0,39,-39,"Randolph County","Illinois"
"996","Randolph County, Indiana",375,24,351,"Randolph County","Indiana"
"997","Randolph County, North Carolina",6,29,-23,"Randolph County","North Carolina"
"998","Rankin County, Mississippi",314,19,295,"Rankin County","Mississippi"
"999","Rapides Parish, Louisiana",267,37,230,"Rapides Parish","Louisiana"
"1000","Reno County, Kansas",7,0,7,"Reno County","Kansas"
"1001","Rensselaer County, New York",150,40,110,"Rensselaer County","New York"
"1002","Rhea County, Tennessee",23,0,23,"Rhea County","Tennessee"
"1003","Rice County, Kansas",0,1,-1,"Rice County","Kansas"
"1004","Richland County, Illinois",0,45,-45,"Richland County","Illinois"
"1005","Richland County, Ohio",1497,1254,243,"Richland County","Ohio"
"1006","Richland County, South Carolina",304,1143,-839,"Richland County","South Carolina"
"1007","Richmond city, Virginia",48,328,-280,"Richmond city","Virginia"
"1008","Richmond County, Georgia",779,214,565,"Richmond County","Georgia"
"1009","Richmond County, New York",0,120,-120,"Richmond County","New York"
"1010","Ripley County, Indiana",4043,3251,792,"Ripley County","Indiana"
"1011","Riverside County, California",1329,507,822,"Riverside County","California"
"1012","Roane County, Tennessee",28,0,28,"Roane County","Tennessee"
"1013","Roanoke city, Virginia",262,0,262,"Roanoke city","Virginia"
"1014","Roanoke County, Virginia",16,17,-1,"Roanoke County","Virginia"
"1015","Robertson County, Kentucky",119,138,-19,"Robertson County","Kentucky"
"1016","Robertson County, Tennessee",370,0,370,"Robertson County","Tennessee"
"1017","Rock Island County, Illinois",48,5,43,"Rock Island County","Illinois"
"1018","Rockcastle County, Kentucky",894,315,579,"Rockcastle County","Kentucky"
"1019","Rockdale County, Georgia",0,213,-213,"Rockdale County","Georgia"
"1020","Rockingham County, New Hampshire",476,216,260,"Rockingham County","New Hampshire"
"1021","Rockingham County, Virginia",116,19,97,"Rockingham County","Virginia"
"1022","Rockland County, New York",1076,0,1076,"Rockland County","New York"
"1023","Rolette County, North Dakota",2,0,2,"Rolette County","North Dakota"
"1024","Ross County, Ohio",2335,3389,-1054,"Ross County","Ohio"
"1025","Rowan County, Kentucky",396,762,-366,"Rowan County","Kentucky"
"1026","Rowan County, North Carolina",0,12,-12,"Rowan County","North Carolina"
"1027","Rush County, Indiana",102,0,102,"Rush County","Indiana"
"1028","Russell County, Alabama",76,0,76,"Russell County","Alabama"
"1029","Russell County, Kentucky",75,79,-4,"Russell County","Kentucky"
"1030","Rutherford County, Tennessee",587,331,256,"Rutherford County","Tennessee"
"1031","Rutland County, Vermont",156,32,124,"Rutland County","Vermont"
"1032","Sacramento County, California",929,476,453,"Sacramento County","California"
"1033","Sagadahoc County, Maine",122,0,122,"Sagadahoc County","Maine"
"1034","Saginaw County, Michigan",532,366,166,"Saginaw County","Michigan"
"1035","Salem city, Virginia",0,97,-97,"Salem city","Virginia"
"1036","Salem County, New Jersey",0,64,-64,"Salem County","New Jersey"
"1037","Saline County, Arkansas",0,42,-42,"Saline County","Arkansas"
"1038","Saline County, Illinois",103,0,103,"Saline County","Illinois"
"1039","Saline County, Kansas",59,44,15,"Saline County","Kansas"
"1040","Salt Lake County, Utah",825,328,497,"Salt Lake County","Utah"
"1041","San Bernardino County, California",363,374,-11,"San Bernardino County","California"
"1042","San Diego County, California",2049,2735,-686,"San Diego County","California"
"1043","San Francisco County, California",148,431,-283,"San Francisco County","California"
"1044","San Jacinto County, Texas",37,0,37,"San Jacinto County","Texas"
"1045","San Joaquin County, California",226,55,171,"San Joaquin County","California"
"1046","San Juan County, Utah",0,121,-121,"San Juan County","Utah"
"1047","San Luis Obispo County, California",0,7,-7,"San Luis Obispo County","California"
"1048","San Mateo County, California",384,105,279,"San Mateo County","California"
"1049","Sandusky County, Ohio",159,146,13,"Sandusky County","Ohio"
"1050","Sangamon County, Illinois",26,204,-178,"Sangamon County","Illinois"
"1051","Santa Barbara County, California",146,526,-380,"Santa Barbara County","California"
"1052","Santa Clara County, California",171,1177,-1006,"Santa Clara County","California"
"1053","Santa Cruz County, California",331,116,215,"Santa Cruz County","California"
"1054","Santa Fe County, New Mexico",127,31,96,"Santa Fe County","New Mexico"
"1055","Santa Rosa County, Florida",109,55,54,"Santa Rosa County","Florida"
"1056","Sarasota County, Florida",547,1065,-518,"Sarasota County","Florida"
"1057","Saratoga County, New York",1056,242,814,"Saratoga County","New York"
"1058","Sarpy County, Nebraska",67,5,62,"Sarpy County","Nebraska"
"1059","Schenectady County, New York",0,190,-190,"Schenectady County","New York"
"1060","Schoharie County, New York",1032,0,1032,"Schoharie County","New York"
"1061","Scioto County, Ohio",2313,1954,359,"Scioto County","Ohio"
"1062","Scott County, Indiana",25,0,25,"Scott County","Indiana"
"1063","Scott County, Iowa",158,183,-25,"Scott County","Iowa"
"1064","Scott County, Kentucky",1570,982,588,"Scott County","Kentucky"
"1065","Scott County, Minnesota",58,0,58,"Scott County","Minnesota"
"1066","Scott County, Tennessee",144,359,-215,"Scott County","Tennessee"
"1067","Sedgwick County, Colorado",46,0,46,"Sedgwick County","Colorado"
"1068","Sedgwick County, Kansas",83,107,-24,"Sedgwick County","Kansas"
"1069","Seminole County, Florida",661,562,99,"Seminole County","Florida"
"1070","Seneca County, New York",0,10,-10,"Seneca County","New York"
"1071","Seneca County, Ohio",697,1043,-346,"Seneca County","Ohio"
"1072","Sequoyah County, Oklahoma",42,0,42,"Sequoyah County","Oklahoma"
"1073","Sevier County, Tennessee",484,36,448,"Sevier County","Tennessee"
"1074","Seward County, Kansas",124,0,124,"Seward County","Kansas"
"1075","Shasta County, California",0,65,-65,"Shasta County","California"
"1076","Shawano County, Wisconsin",0,32,-32,"Shawano County","Wisconsin"
"1077","Shawnee County, Kansas",0,271,-271,"Shawnee County","Kansas"
"1078","Sheboygan County, Wisconsin",120,194,-74,"Sheboygan County","Wisconsin"
"1079","Shelby County, Alabama",61,164,-103,"Shelby County","Alabama"
"1080","Shelby County, Indiana",247,435,-188,"Shelby County","Indiana"
"1081","Shelby County, Kentucky",352,552,-200,"Shelby County","Kentucky"
"1082","Shelby County, Ohio",305,292,13,"Shelby County","Ohio"
"1083","Shelby County, Tennessee",1023,444,579,"Shelby County","Tennessee"
"1084","Shiawassee County, Michigan",0,92,-92,"Shiawassee County","Michigan"
"1085","Simpson County, Kentucky",131,95,36,"Simpson County","Kentucky"
"1086","Sioux County, Iowa",21,0,21,"Sioux County","Iowa"
"1087","Siskiyou County, California",0,3,-3,"Siskiyou County","California"
"1088","Sitka City and Borough, Alaska",0,82,-82,"Sitka City and Borough","Alaska"
"1089","Skagit County, Washington",0,28,-28,"Skagit County","Washington"
"1090","Smith County, Tennessee",58,0,58,"Smith County","Tennessee"
"1091","Smyth County, Virginia",0,150,-150,"Smyth County","Virginia"
"1092","Snohomish County, Washington",396,373,23,"Snohomish County","Washington"
"1093","Solano County, California",0,1314,-1314,"Solano County","California"
"1094","Somerset County, New Jersey",490,130,360,"Somerset County","New Jersey"
"1095","Sonoma County, California",125,44,81,"Sonoma County","California"
"1096","Spalding County, Georgia",18,16,2,"Spalding County","Georgia"
"1097","Spartanburg County, South Carolina",468,0,468,"Spartanburg County","South Carolina"
"1098","Spencer County, Indiana",17,0,17,"Spencer County","Indiana"
"1099","Spencer County, Kentucky",4,61,-57,"Spencer County","Kentucky"
"1100","Spokane County, Washington",80,745,-665,"Spokane County","Washington"
"1101","Spotsylvania County, Virginia",230,23,207,"Spotsylvania County","Virginia"
"1102","St. Charles County, Missouri",523,701,-178,"St. Charles County","Missouri"
"1103","St. Clair County, Alabama",0,38,-38,"St. Clair County","Alabama"
"1104","St. Clair County, Illinois",554,130,424,"St. Clair County","Illinois"
"1105","St. Clair County, Michigan",1448,12,1436,"St. Clair County","Michigan"
"1106","St. Francois County, Missouri",204,14,190,"St. Francois County","Missouri"
"1107","St. Johns County, Florida",244,141,103,"St. Johns County","Florida"
"1108","St. Joseph County, Indiana",416,774,-358,"St. Joseph County","Indiana"
"1109","St. Joseph County, Michigan",364,10,354,"St. Joseph County","Michigan"
"1110","St. Lawrence County, New York",30,454,-424,"St. Lawrence County","New York"
"1111","St. Louis city, Missouri",556,791,-235,"St. Louis city","Missouri"
"1112","St. Louis County, Minnesota",0,232,-232,"St. Louis County","Minnesota"
"1113","St. Louis County, Missouri",1433,933,500,"St. Louis County","Missouri"
"1114","St. Lucie County, Florida",177,81,96,"St. Lucie County","Florida"
"1115","St. Mary's County, Maryland",5,0,5,"St. Mary's County","Maryland"
"1116","St. Mary Parish, Louisiana",0,28,-28,"St. Mary Parish","Louisiana"
"1117","St. Tammany Parish, Louisiana",157,205,-48,"St. Tammany Parish","Louisiana"
"1118","Stafford County, Kansas",0,12,-12,"Stafford County","Kansas"
"1119","Stafford County, Virginia",358,0,358,"Stafford County","Virginia"
"1120","Stanislaus County, California",398,139,259,"Stanislaus County","California"
"1121","Stanly County, North Carolina",11,0,11,"Stanly County","North Carolina"
"1122","Stark County, North Dakota",0,42,-42,"Stark County","North Dakota"
"1123","Stark County, Ohio",2481,1670,811,"Stark County","Ohio"
"1124","Starke County, Indiana",0,35,-35,"Starke County","Indiana"
"1125","Stearns County, Minnesota",0,224,-224,"Stearns County","Minnesota"
"1126","Stephens County, Georgia",63,89,-26,"Stephens County","Georgia"
"1127","Stephens County, Oklahoma",0,16,-16,"Stephens County","Oklahoma"
"1128","Steuben County, Indiana",49,194,-145,"Steuben County","Indiana"
"1129","Steuben County, New York",0,20,-20,"Steuben County","New York"
"1130","Stone County, Mississippi",0,3,-3,"Stone County","Mississippi"
"1131","Story County, Iowa",146,79,67,"Story County","Iowa"
"1132","Strafford County, New Hampshire",188,50,138,"Strafford County","New Hampshire"
"1133","Stutsman County, North Dakota",0,27,-27,"Stutsman County","North Dakota"
"1134","Suffolk County, Massachusetts",1526,1634,-108,"Suffolk County","Massachusetts"
"1135","Suffolk County, New York",1106,284,822,"Suffolk County","New York"
"1136","Sullivan County, Indiana",10,3,7,"Sullivan County","Indiana"
"1137","Sullivan County, New Hampshire",0,82,-82,"Sullivan County","New Hampshire"
"1138","Sullivan County, Tennessee",0,217,-217,"Sullivan County","Tennessee"
"1139","Summit County, Colorado",150,105,45,"Summit County","Colorado"
"1140","Summit County, Ohio",4098,1741,2357,"Summit County","Ohio"
"1141","Summit County, Utah",5,384,-379,"Summit County","Utah"
"1142","Sumner County, Kansas",0,2,-2,"Sumner County","Kansas"
"1143","Sumner County, Tennessee",314,416,-102,"Sumner County","Tennessee"
"1144","Sumter County, Florida",40,706,-666,"Sumter County","Florida"
"1145","Sumter County, South Carolina",0,25,-25,"Sumter County","South Carolina"
"1146","Susquehanna County, Pennsylvania",136,0,136,"Susquehanna County","Pennsylvania"
"1147","Sussex County, Delaware",665,97,568,"Sussex County","Delaware"
"1148","Sussex County, New Jersey",0,10,-10,"Sussex County","New Jersey"
"1149","Sutter County, California",0,15,-15,"Sutter County","California"
"1150","Sweetwater County, Wyoming",0,42,-42,"Sweetwater County","Wyoming"
"1151","Switzerland County, Indiana",1237,2017,-780,"Switzerland County","Indiana"
"1152","Talladega County, Alabama",106,0,106,"Talladega County","Alabama"
"1153","Tallapoosa County, Alabama",36,0,36,"Tallapoosa County","Alabama"
"1154","Taney County, Missouri",0,24,-24,"Taney County","Missouri"
"1155","Tangipahoa Parish, Louisiana",0,100,-100,"Tangipahoa Parish","Louisiana"
"1156","Tarrant County, Texas",826,941,-115,"Tarrant County","Texas"
"1157","Taylor County, Kentucky",298,160,138,"Taylor County","Kentucky"
"1158","Tazewell County, Illinois",0,27,-27,"Tazewell County","Illinois"
"1159","Tazewell County, Virginia",52,0,52,"Tazewell County","Virginia"
"1160","Texas County, Missouri",97,7,90,"Texas County","Missouri"
"1161","Thomas County, Georgia",101,39,62,"Thomas County","Georgia"
"1162","Thurston County, Washington",403,23,380,"Thurston County","Washington"
"1163","Tift County, Georgia",0,223,-223,"Tift County","Georgia"
"1164","Tioga County, Pennsylvania",60,0,60,"Tioga County","Pennsylvania"
"1165","Tippecanoe County, Indiana",1256,1269,-13,"Tippecanoe County","Indiana"
"1166","Tipton County, Indiana",204,75,129,"Tipton County","Indiana"
"1167","Todd County, Kentucky",2,10,-8,"Todd County","Kentucky"
"1168","Tolland County, Connecticut",224,514,-290,"Tolland County","Connecticut"
"1169","Tom Green County, Texas",0,35,-35,"Tom Green County","Texas"
"1170","Tompkins County, New York",54,472,-418,"Tompkins County","New York"
"1171","Torrance County, New Mexico",0,30,-30,"Torrance County","New Mexico"
"1172","Travis County, Texas",330,768,-438,"Travis County","Texas"
"1173","Trimble County, Kentucky",432,34,398,"Trimble County","Kentucky"
"1174","Trinity County, Texas",0,167,-167,"Trinity County","Texas"
"1175","Troup County, Georgia",0,35,-35,"Troup County","Georgia"
"1176","Trumbull County, Ohio",795,472,323,"Trumbull County","Ohio"
"1177","Tulare County, California",0,49,-49,"Tulare County","California"
"1178","Tulsa County, Oklahoma",447,199,248,"Tulsa County","Oklahoma"
"1179","Tuscaloosa County, Alabama",162,405,-243,"Tuscaloosa County","Alabama"
"1180","Tuscarawas County, Ohio",162,131,31,"Tuscarawas County","Ohio"
"1181","Tuscola County, Michigan",0,2,-2,"Tuscola County","Michigan"
"1182","Twin Falls County, Idaho",7,0,7,"Twin Falls County","Idaho"
"1183","Tyler County, West Virginia",46,0,46,"Tyler County","West Virginia"
"1184","Ulster County, New York",378,0,378,"Ulster County","New York"
"1185","Union County, Georgia",78,0,78,"Union County","Georgia"
"1186","Union County, Kentucky",19,91,-72,"Union County","Kentucky"
"1187","Union County, New Jersey",846,132,714,"Union County","New Jersey"
"1188","Union County, North Carolina",85,1171,-1086,"Union County","North Carolina"
"1189","Union County, Ohio",1328,1434,-106,"Union County","Ohio"
"1190","Union County, Tennessee",0,22,-22,"Union County","Tennessee"
"1191","Upshur County, Texas",49,36,13,"Upshur County","Texas"
"1192","Utah County, Utah",269,845,-576,"Utah County","Utah"
"1193","Val Verde County, Texas",0,157,-157,"Val Verde County","Texas"
"1194","Van Buren County, Iowa",140,2,138,"Van Buren County","Iowa"
"1195","Van Buren County, Michigan",0,78,-78,"Van Buren County","Michigan"
"1196","Van Buren County, Tennessee",0,38,-38,"Van Buren County","Tennessee"
"1197","Van Wert County, Ohio",303,135,168,"Van Wert County","Ohio"
"1198","Van Zandt County, Texas",88,0,88,"Van Zandt County","Texas"
"1199","Vanderburgh County, Indiana",356,1421,-1065,"Vanderburgh County","Indiana"
"1200","Venango County, Pennsylvania",98,0,98,"Venango County","Pennsylvania"
"1201","Ventura County, California",293,637,-344,"Ventura County","California"
"1202","Vermilion County, Illinois",50,275,-225,"Vermilion County","Illinois"
"1203","Vermillion County, Indiana",89,0,89,"Vermillion County","Indiana"
"1204","Vernon County, Missouri",27,0,27,"Vernon County","Missouri"
"1205","Vernon Parish, Louisiana",0,453,-453,"Vernon Parish","Louisiana"
"1206","Vigo County, Indiana",736,560,176,"Vigo County","Indiana"
"1207","Vinton County, Ohio",94,68,26,"Vinton County","Ohio"
"1208","Virginia Beach city, Virginia",142,760,-618,"Virginia Beach city","Virginia"
"1209","Volusia County, Florida",974,396,578,"Volusia County","Florida"
"1210","Wabash County, Illinois",75,18,57,"Wabash County","Illinois"
"1211","Wabash County, Indiana",113,170,-57,"Wabash County","Indiana"
"1212","Wake County, North Carolina",1018,1386,-368,"Wake County","North Carolina"
"1213","Waller County, Texas",49,0,49,"Waller County","Texas"
"1214","Walton County, Florida",77,37,40,"Walton County","Florida"
"1215","Ward County, North Dakota",62,86,-24,"Ward County","North Dakota"
"1216","Warren County, Indiana",0,129,-129,"Warren County","Indiana"
"1217","Warren County, Iowa",0,29,-29,"Warren County","Iowa"
"1218","Warren County, Kentucky",735,1394,-659,"Warren County","Kentucky"
"1219","Warren County, Mississippi",0,4,-4,"Warren County","Mississippi"
"1220","Warren County, New Jersey",250,0,250,"Warren County","New Jersey"
"1221","Warren County, Virginia",0,71,-71,"Warren County","Virginia"
"1222","Warrick County, Indiana",174,51,123,"Warrick County","Indiana"
"1223","Wasatch County, Utah",64,0,64,"Wasatch County","Utah"
"1224","Washington County, Arkansas",454,65,389,"Washington County","Arkansas"
"1225","Washington County, Florida",0,3,-3,"Washington County","Florida"
"1226","Washington County, Indiana",35,151,-116,"Washington County","Indiana"
"1227","Washington County, Kentucky",17,82,-65,"Washington County","Kentucky"
"1228","Washington County, Maryland",25,173,-148,"Washington County","Maryland"
"1229","Washington County, Mississippi",0,25,-25,"Washington County","Mississippi"
"1230","Washington County, New York",212,0,212,"Washington County","New York"
"1231","Washington County, Ohio",330,140,190,"Washington County","Ohio"
"1232","Washington County, Oregon",125,753,-628,"Washington County","Oregon"
"1233","Washington County, Pennsylvania",558,94,464,"Washington County","Pennsylvania"
"1234","Washington County, Rhode Island",204,0,204,"Washington County","Rhode Island"
"1235","Washington County, Tennessee",465,148,317,"Washington County","Tennessee"
"1236","Washington County, Utah",35,5,30,"Washington County","Utah"
"1237","Washington County, Vermont",0,32,-32,"Washington County","Vermont"
"1238","Washington County, Virginia",0,88,-88,"Washington County","Virginia"
"1239","Washington County, Wisconsin",226,0,226,"Washington County","Wisconsin"
"1240","Washoe County, Nevada",147,71,76,"Washoe County","Nevada"
"1241","Washtenaw County, Michigan",1898,3844,-1946,"Washtenaw County","Michigan"
"1242","Watauga County, North Carolina",0,80,-80,"Watauga County","North Carolina"
"1243","Waukesha County, Wisconsin",184,316,-132,"Waukesha County","Wisconsin"
"1244","Waupaca County, Wisconsin",80,0,80,"Waupaca County","Wisconsin"
"1245","Wayne County, Illinois",0,9,-9,"Wayne County","Illinois"
"1246","Wayne County, Indiana",772,888,-116,"Wayne County","Indiana"
"1247","Wayne County, Kentucky",767,189,578,"Wayne County","Kentucky"
"1248","Wayne County, Michigan",4900,1602,3298,"Wayne County","Michigan"
"1249","Wayne County, New York",0,70,-70,"Wayne County","New York"
"1250","Wayne County, North Carolina",21,397,-376,"Wayne County","North Carolina"
"1251","Wayne County, Ohio",232,107,125,"Wayne County","Ohio"
"1252","Wayne County, Tennessee",0,33,-33,"Wayne County","Tennessee"
"1253","Wayne County, West Virginia",16,13,3,"Wayne County","West Virginia"
"1254","Weber County, Utah",58,60,-2,"Weber County","Utah"
"1255","Webster County, Georgia",0,62,-62,"Webster County","Georgia"
"1256","Webster County, Iowa",50,0,50,"Webster County","Iowa"
"1257","Webster County, Kentucky",0,50,-50,"Webster County","Kentucky"
"1258","Webster County, Missouri",40,0,40,"Webster County","Missouri"
"1259","Weld County, Colorado",36,0,36,"Weld County","Colorado"
"1260","Wells County, Indiana",15,0,15,"Wells County","Indiana"
"1261","Westchester County, New York",2214,502,1712,"Westchester County","New York"
"1262","Westmoreland County, Pennsylvania",1004,580,424,"Westmoreland County","Pennsylvania"
"1263","Wetzel County, West Virginia",11,0,11,"Wetzel County","West Virginia"
"1264","Whatcom County, Washington",47,27,20,"Whatcom County","Washington"
"1265","White County, Arkansas",44,0,44,"White County","Arkansas"
"1266","White County, Indiana",126,0,126,"White County","Indiana"
"1267","Whiteside County, Illinois",140,25,115,"Whiteside County","Illinois"
"1268","Whitfield County, Georgia",41,132,-91,"Whitfield County","Georgia"
"1269","Whitley County, Kentucky",594,622,-28,"Whitley County","Kentucky"
"1270","Whitman County, Washington",0,143,-143,"Whitman County","Washington"
"1271","Wichita County, Texas",20,151,-131,"Wichita County","Texas"
"1272","Wicomico County, Maryland",105,15,90,"Wicomico County","Maryland"
"1273","Will County, Illinois",853,0,853,"Will County","Illinois"
"1274","Williams County, Ohio",157,161,-4,"Williams County","Ohio"
"1275","Williamsburg County, South Carolina",8,0,8,"Williamsburg County","South Carolina"
"1276","Williamson County, Tennessee",260,189,71,"Williamson County","Tennessee"
"1277","Williamson County, Texas",38,413,-375,"Williamson County","Texas"
"1278","Wilson County, Tennessee",13,133,-120,"Wilson County","Tennessee"
"1279","Winchester city, Virginia",42,103,-61,"Winchester city","Virginia"
"1280","Windsor County, Vermont",0,88,-88,"Windsor County","Vermont"
"1281","Winnebago County, Illinois",330,40,290,"Winnebago County","Illinois"
"1282","Winnebago County, Wisconsin",0,6,-6,"Winnebago County","Wisconsin"
"1283","Winneshiek County, Iowa",0,13,-13,"Winneshiek County","Iowa"
"1284","Winona County, Minnesota",338,0,338,"Winona County","Minnesota"
"1285","Wolfe County, Kentucky",0,4,-4,"Wolfe County","Kentucky"
"1286","Wood County, Ohio",2233,3245,-1012,"Wood County","Ohio"
"1287","Wood County, Texas",0,22,-22,"Wood County","Texas"
"1288","Wood County, West Virginia",345,190,155,"Wood County","West Virginia"
"1289","Wood County, Wisconsin",0,150,-150,"Wood County","Wisconsin"
"1290","Woodbury County, Iowa",0,441,-441,"Woodbury County","Iowa"
"1291","Woodford County, Kentucky",301,40,261,"Woodford County","Kentucky"
"1292","Worcester County, Massachusetts",1114,544,570,"Worcester County","Massachusetts"
"1293","Wright County, Iowa",0,12,-12,"Wright County","Iowa"
"1294","Wright County, Missouri",0,6,-6,"Wright County","Missouri"
"1295","Wyandot County, Ohio",36,34,2,"Wyandot County","Ohio"
"1296","Wyoming County, Pennsylvania",0,28,-28,"Wyoming County","Pennsylvania"
"1297","Wythe County, Virginia",0,3,-3,"Wythe County","Virginia"
"1298","Yadkin County, North Carolina",64,0,64,"Yadkin County","North Carolina"
"1299","Yamhill County, Oregon",99,0,99,"Yamhill County","Oregon"
"1300","Yancey County, North Carolina",0,16,-16,"Yancey County","North Carolina"
"1301","Yavapai County, Arizona",319,216,103,"Yavapai County","Arizona"
"1302","Yazoo County, Mississippi",28,0,28,"Yazoo County","Mississippi"
"1303","Yellow Medicine County, Minnesota",0,4,-4,"Yellow Medicine County","Minnesota"
"1304","Yellowstone County, Montana",44,0,44,"Yellowstone County","Montana"
"1305","Yoakum County, Texas",5,0,5,"Yoakum County","Texas"
"1306","Yolo County, California",18,190,-172,"Yolo County","California"
"1307","York County, Maine",0,96,-96,"York County","Maine"
"1308","York County, Pennsylvania",618,62,556,"York County","Pennsylvania"
"1309","York County, South Carolina",185,670,-485,"York County","South Carolina"
"1310","York County, Virginia",17,0,17,"York County","Virginia"
"1311","Yukon-Koyukuk Census Area, Alaska",0,14,-14,"Yukon-Koyukuk Census Area","Alaska"
"1312","Yuma County, Arizona",31,86,-55,"Yuma County","Arizona"
